hs_object_id,email,firstname,lastname,company,jobtitle,lifecyclestage,associated_company_id,hubspot_owner_id,properties
HS-CON-0000001,liam.kim.0@client001.example.com,Liam,Kim,North Capital 1,Founder,lead,HS-COMP-000001,HS-OWN-0005,"{""source"":""Outbound""}"
HS-CON-0000002,noah.rivera.1@client001.example.com,Noah,Rivera,North Capital 1,Founder,opportunity,HS-COMP-000001,HS-OWN-0005,"{""source"":""Outbound""}"
HS-CON-0000003,iris.garcia.2@client001.example.com,Iris,Garcia,North Capital 1,Founder,marketingqualifiedlead,HS-COMP-000001,HS-OWN-0005,"{""source"":""Outbound""}"
HS-CON-0000004,liam.parker.3@client001.example.com,Liam,Parker,North Capital 1,VP Growth,customer,HS-COMP-000001,HS-OWN-0005,"{""source"":""Outbound""}"
HS-CON-0000005,noah.khan.0@client002.example.com,Noah,Khan,North Retail 2,VP Growth,marketingqualifiedlead,HS-COMP-000002,HS-OWN-0006,"{""source"":""Inbound""}"
HS-CON-0000006,isla.shah.1@client002.example.com,Isla,Shah,North Retail 2,VP Growth,customer,HS-COMP-000002,HS-OWN-0006,"{""source"":""Outbound""}"
HS-CON-0000007,owen.clark.2@client002.example.com,Owen,Clark,North Retail 2,Founder,customer,HS-COMP-000002,HS-OWN-0006,"{""source"":""Inbound""}"
HS-CON-0000008,mia.bailey.3@client002.example.com,Mia,Bailey,North Retail 2,Marketing Manager,customer,HS-COMP-000002,HS-OWN-0006,"{""source"":""Referral""}"
HS-CON-0000009,ezra.carter.4@client002.example.com,Ezra,Carter,North Retail 2,VP Growth,customer,HS-COMP-000002,HS-OWN-0006,"{""source"":""Referral""}"
HS-CON-0000010,liam.clark.0@client003.example.com,Liam,Clark,Bright Labs 3,VP Growth,opportunity,HS-COMP-000003,HS-OWN-0008,"{""source"":""Inbound""}"
HS-CON-0000011,iris.parker.1@client003.example.com,Iris,Parker,Bright Labs 3,Marketing Manager,marketingqualifiedlead,HS-COMP-000003,HS-OWN-0008,"{""source"":""Outbound""}"
HS-CON-0000012,ruby.morgan.2@client003.example.com,Ruby,Morgan,Bright Labs 3,CMO,opportunity,HS-COMP-000003,HS-OWN-0008,"{""source"":""Outbound""}"
HS-CON-0000013,ella.garcia.3@client003.example.com,Ella,Garcia,Bright Labs 3,VP Growth,marketingqualifiedlead,HS-COMP-000003,HS-OWN-0008,"{""source"":""Referral""}"
HS-CON-0000014,luna.evans.4@client003.example.com,Luna,Evans,Bright Labs 3,CMO,opportunity,HS-COMP-000003,HS-OWN-0008,"{""source"":""Inbound""}"
HS-CON-0000015,noah.parker.0@client004.example.com,Noah,Parker,Nova Retail 4,Marketing Manager,customer,HS-COMP-000004,HS-OWN-0002,"{""source"":""Referral""}"
HS-CON-0000016,evan.allen.1@client004.example.com,Evan,Allen,Nova Retail 4,Marketing Manager,opportunity,HS-COMP-000004,HS-OWN-0002,"{""source"":""Referral""}"
HS-CON-0000017,mia.wright.0@client005.example.com,Mia,Wright,Prime Health 5,Founder,lead,HS-COMP-000005,HS-OWN-0006,"{""source"":""Referral""}"
HS-CON-0000018,iris.rivera.1@client005.example.com,Iris,Rivera,Prime Health 5,VP Growth,lead,HS-COMP-000005,HS-OWN-0006,"{""source"":""Inbound""}"
HS-CON-0000019,kai.evans.2@client005.example.com,Kai,Evans,Prime Health 5,CMO,lead,HS-COMP-000005,HS-OWN-0006,"{""source"":""Inbound""}"
HS-CON-0000020,mila.lopez.3@client005.example.com,Mila,Lopez,Prime Health 5,Marketing Manager,opportunity,HS-COMP-000005,HS-OWN-0006,"{""source"":""Referral""}"
HS-CON-0000021,zoe.garcia.4@client005.example.com,Zoe,Garcia,Prime Health 5,CMO,customer,HS-COMP-000005,HS-OWN-0006,"{""source"":""Outbound""}"
HS-CON-0000022,ivy.reed.5@client005.example.com,Ivy,Reed,Prime Health 5,Marketing Manager,customer,HS-COMP-000005,HS-OWN-0006,"{""source"":""Outbound""}"
HS-CON-0000023,iris.carter.0@client006.example.com,Iris,Carter,Blue Digital 6,Founder,customer,HS-COMP-000006,HS-OWN-0003,"{""source"":""Referral""}"
HS-CON-0000024,mia.brooks.1@client006.example.com,Mia,Brooks,Blue Digital 6,CMO,opportunity,HS-COMP-000006,HS-OWN-0003,"{""source"":""Inbound""}"
HS-CON-0000025,jude.bennett.2@client006.example.com,Jude,Bennett,Blue Digital 6,VP Growth,lead,HS-COMP-000006,HS-OWN-0003,"{""source"":""Referral""}"
HS-CON-0000026,mia.morgan.3@client006.example.com,Mia,Morgan,Blue Digital 6,Founder,customer,HS-COMP-000006,HS-OWN-0003,"{""source"":""Outbound""}"
HS-CON-0000027,owen.garcia.0@client007.example.com,Owen,Garcia,Nova Retail 7,Marketing Manager,opportunity,HS-COMP-000007,HS-OWN-0006,"{""source"":""Referral""}"
HS-CON-0000028,isla.morgan.1@client007.example.com,Isla,Morgan,Nova Retail 7,CMO,marketingqualifiedlead,HS-COMP-000007,HS-OWN-0006,"{""source"":""Referral""}"
HS-CON-0000029,zoe.allen.0@client008.example.com,Zoe,Allen,North Digital 8,Marketing Manager,customer,HS-COMP-000008,HS-OWN-0006,"{""source"":""Inbound""}"
HS-CON-0000030,ruby.bennett.1@client008.example.com,Ruby,Bennett,North Digital 8,VP Growth,opportunity,HS-COMP-000008,HS-OWN-0006,"{""source"":""Outbound""}"
HS-CON-0000031,liam.wright.2@client008.example.com,Liam,Wright,North Digital 8,CMO,opportunity,HS-COMP-000008,HS-OWN-0006,"{""source"":""Referral""}"
HS-CON-0000032,evan.patel.3@client008.example.com,Evan,Patel,North Digital 8,CMO,opportunity,HS-COMP-000008,HS-OWN-0006,"{""source"":""Referral""}"
HS-CON-0000033,noah.khan.4@client008.example.com,Noah,Khan,North Digital 8,Founder,customer,HS-COMP-000008,HS-OWN-0006,"{""source"":""Outbound""}"
HS-CON-0000034,luna.patel.5@client008.example.com,Luna,Patel,North Digital 8,Founder,marketingqualifiedlead,HS-COMP-000008,HS-OWN-0006,"{""source"":""Referral""}"
HS-CON-0000035,noah.allen.0@client009.example.com,Noah,Allen,North Retail 9,CMO,customer,HS-COMP-000009,HS-OWN-0009,"{""source"":""Referral""}"
HS-CON-0000036,aria.evans.1@client009.example.com,Aria,Evans,North Retail 9,Marketing Manager,opportunity,HS-COMP-000009,HS-OWN-0009,"{""source"":""Inbound""}"
HS-CON-0000037,iris.kim.2@client009.example.com,Iris,Kim,North Retail 9,VP Growth,opportunity,HS-COMP-000009,HS-OWN-0009,"{""source"":""Outbound""}"
HS-CON-0000038,kai.kim.3@client009.example.com,Kai,Kim,North Retail 9,CMO,opportunity,HS-COMP-000009,HS-OWN-0009,"{""source"":""Outbound""}"
HS-CON-0000039,owen.bailey.0@client010.example.com,Owen,Bailey,Nova Capital 10,CMO,opportunity,HS-COMP-000010,HS-OWN-0001,"{""source"":""Outbound""}"
HS-CON-0000040,isla.evans.1@client010.example.com,Isla,Evans,Nova Capital 10,Founder,marketingqualifiedlead,HS-COMP-000010,HS-OWN-0001,"{""source"":""Inbound""}"
HS-CON-0000041,ezra.bailey.0@client011.example.com,Ezra,Bailey,Prime Capital 11,Marketing Manager,opportunity,HS-COMP-000011,HS-OWN-0008,"{""source"":""Referral""}"
HS-CON-0000042,nora.wright.1@client011.example.com,Nora,Wright,Prime Capital 11,Founder,customer,HS-COMP-000011,HS-OWN-0008,"{""source"":""Referral""}"
HS-CON-0000043,kai.parker.2@client011.example.com,Kai,Parker,Prime Capital 11,Founder,marketingqualifiedlead,HS-COMP-000011,HS-OWN-0008,"{""source"":""Inbound""}"
HS-CON-0000044,jude.kim.3@client011.example.com,Jude,Kim,Prime Capital 11,VP Growth,lead,HS-COMP-000011,HS-OWN-0008,"{""source"":""Outbound""}"
HS-CON-0000045,ruby.wright.4@client011.example.com,Ruby,Wright,Prime Capital 11,CMO,lead,HS-COMP-000011,HS-OWN-0008,"{""source"":""Referral""}"
HS-CON-0000046,noah.morgan.0@client012.example.com,Noah,Morgan,Bright Labs 12,Founder,opportunity,HS-COMP-000012,HS-OWN-0007,"{""source"":""Inbound""}"
HS-CON-0000047,ivy.patel.1@client012.example.com,Ivy,Patel,Bright Labs 12,Founder,opportunity,HS-COMP-000012,HS-OWN-0007,"{""source"":""Inbound""}"
HS-CON-0000048,kai.khan.2@client012.example.com,Kai,Khan,Bright Labs 12,VP Growth,marketingqualifiedlead,HS-COMP-000012,HS-OWN-0007,"{""source"":""Inbound""}"
HS-CON-0000049,zoe.garcia.3@client012.example.com,Zoe,Garcia,Bright Labs 12,VP Growth,marketingqualifiedlead,HS-COMP-000012,HS-OWN-0007,"{""source"":""Inbound""}"
HS-CON-0000050,liam.clark.4@client012.example.com,Liam,Clark,Bright Labs 12,Founder,marketingqualifiedlead,HS-COMP-000012,HS-OWN-0007,"{""source"":""Outbound""}"
HS-CON-0000051,luna.nguyen.0@client013.example.com,Luna,Nguyen,North Digital 13,Marketing Manager,marketingqualifiedlead,HS-COMP-000013,HS-OWN-0005,"{""source"":""Referral""}"
HS-CON-0000052,ivy.nguyen.1@client013.example.com,Ivy,Nguyen,North Digital 13,VP Growth,marketingqualifiedlead,HS-COMP-000013,HS-OWN-0005,"{""source"":""Outbound""}"
HS-CON-0000053,ivy.reed.2@client013.example.com,Ivy,Reed,North Digital 13,CMO,opportunity,HS-COMP-000013,HS-OWN-0005,"{""source"":""Inbound""}"
HS-CON-0000054,owen.bailey.3@client013.example.com,Owen,Bailey,North Digital 13,CMO,customer,HS-COMP-000013,HS-OWN-0005,"{""source"":""Referral""}"
HS-CON-0000055,liam.brooks.4@client013.example.com,Liam,Brooks,North Digital 13,VP Growth,opportunity,HS-COMP-000013,HS-OWN-0005,"{""source"":""Outbound""}"
HS-CON-0000056,ava.wright.5@client013.example.com,Ava,Wright,North Digital 13,CMO,opportunity,HS-COMP-000013,HS-OWN-0005,"{""source"":""Inbound""}"
HS-CON-0000057,leo.bennett.0@client014.example.com,Leo,Bennett,Blue Digital 14,Founder,marketingqualifiedlead,HS-COMP-000014,HS-OWN-0008,"{""source"":""Inbound""}"
HS-CON-0000058,noah.bennett.1@client014.example.com,Noah,Bennett,Blue Digital 14,CMO,opportunity,HS-COMP-000014,HS-OWN-0008,"{""source"":""Inbound""}"
HS-CON-0000059,liam.lopez.2@client014.example.com,Liam,Lopez,Blue Digital 14,CMO,opportunity,HS-COMP-000014,HS-OWN-0008,"{""source"":""Referral""}"
HS-CON-0000060,owen.brooks.3@client014.example.com,Owen,Brooks,Blue Digital 14,Founder,opportunity,HS-COMP-000014,HS-OWN-0008,"{""source"":""Inbound""}"
HS-CON-0000061,leo.rivera.0@client015.example.com,Leo,Rivera,Blue Labs 15,Founder,opportunity,HS-COMP-000015,HS-OWN-0008,"{""source"":""Outbound""}"
HS-CON-0000062,aria.khan.1@client015.example.com,Aria,Khan,Blue Labs 15,Founder,lead,HS-COMP-000015,HS-OWN-0008,"{""source"":""Referral""}"
HS-CON-0000063,jude.reed.2@client015.example.com,Jude,Reed,Blue Labs 15,VP Growth,opportunity,HS-COMP-000015,HS-OWN-0008,"{""source"":""Inbound""}"
HS-CON-0000064,noah.allen.3@client015.example.com,Noah,Allen,Blue Labs 15,VP Growth,opportunity,HS-COMP-000015,HS-OWN-0008,"{""source"":""Referral""}"
HS-CON-0000065,liam.kim.0@client016.example.com,Liam,Kim,Nova Retail 16,CMO,marketingqualifiedlead,HS-COMP-000016,HS-OWN-0009,"{""source"":""Outbound""}"
HS-CON-0000066,ella.wright.1@client016.example.com,Ella,Wright,Nova Retail 16,Founder,lead,HS-COMP-000016,HS-OWN-0009,"{""source"":""Outbound""}"
HS-CON-0000067,isla.bennett.2@client016.example.com,Isla,Bennett,Nova Retail 16,VP Growth,opportunity,HS-COMP-000016,HS-OWN-0009,"{""source"":""Referral""}"
HS-CON-0000068,noah.price.3@client016.example.com,Noah,Price,Nova Retail 16,Marketing Manager,opportunity,HS-COMP-000016,HS-OWN-0009,"{""source"":""Referral""}"
HS-CON-0000069,zoe.shah.4@client016.example.com,Zoe,Shah,Nova Retail 16,Marketing Manager,lead,HS-COMP-000016,HS-OWN-0009,"{""source"":""Inbound""}"
HS-CON-0000070,mia.kim.0@client017.example.com,Mia,Kim,Prime Health 17,CMO,customer,HS-COMP-000017,HS-OWN-0009,"{""source"":""Inbound""}"
HS-CON-0000071,evan.khan.1@client017.example.com,Evan,Khan,Prime Health 17,VP Growth,opportunity,HS-COMP-000017,HS-OWN-0009,"{""source"":""Outbound""}"
HS-CON-0000072,noah.bailey.2@client017.example.com,Noah,Bailey,Prime Health 17,VP Growth,opportunity,HS-COMP-000017,HS-OWN-0009,"{""source"":""Inbound""}"
HS-CON-0000073,evan.bailey.0@client018.example.com,Evan,Bailey,North Digital 18,Marketing Manager,lead,HS-COMP-000018,HS-OWN-0001,"{""source"":""Inbound""}"
HS-CON-0000074,mila.brooks.1@client018.example.com,Mila,Brooks,North Digital 18,Founder,customer,HS-COMP-000018,HS-OWN-0001,"{""source"":""Referral""}"
HS-CON-0000075,iris.khan.2@client018.example.com,Iris,Khan,North Digital 18,Marketing Manager,opportunity,HS-COMP-000018,HS-OWN-0001,"{""source"":""Outbound""}"
HS-CON-0000076,noah.bennett.3@client018.example.com,Noah,Bennett,North Digital 18,Founder,opportunity,HS-COMP-000018,HS-OWN-0001,"{""source"":""Inbound""}"
HS-CON-0000077,ella.parker.0@client019.example.com,Ella,Parker,Bright Labs 19,VP Growth,lead,HS-COMP-000019,HS-OWN-0004,"{""source"":""Referral""}"
HS-CON-0000078,nora.bailey.1@client019.example.com,Nora,Bailey,Bright Labs 19,VP Growth,marketingqualifiedlead,HS-COMP-000019,HS-OWN-0004,"{""source"":""Outbound""}"
HS-CON-0000079,mila.evans.2@client019.example.com,Mila,Evans,Bright Labs 19,CMO,marketingqualifiedlead,HS-COMP-000019,HS-OWN-0004,"{""source"":""Outbound""}"
HS-CON-0000080,ava.rivera.0@client020.example.com,Ava,Rivera,Nova Capital 20,VP Growth,opportunity,HS-COMP-000020,HS-OWN-0008,"{""source"":""Referral""}"
HS-CON-0000081,ezra.brooks.1@client020.example.com,Ezra,Brooks,Nova Capital 20,VP Growth,customer,HS-COMP-000020,HS-OWN-0008,"{""source"":""Inbound""}"
HS-CON-0000082,liam.reed.2@client020.example.com,Liam,Reed,Nova Capital 20,Founder,customer,HS-COMP-000020,HS-OWN-0008,"{""source"":""Referral""}"
HS-CON-0000083,evan.lopez.3@client020.example.com,Evan,Lopez,Nova Capital 20,VP Growth,marketingqualifiedlead,HS-COMP-000020,HS-OWN-0008,"{""source"":""Referral""}"
HS-CON-0000084,zoe.wright.4@client020.example.com,Zoe,Wright,Nova Capital 20,Founder,marketingqualifiedlead,HS-COMP-000020,HS-OWN-0008,"{""source"":""Referral""}"
HS-CON-0000085,owen.bailey.5@client020.example.com,Owen,Bailey,Nova Capital 20,CMO,opportunity,HS-COMP-000020,HS-OWN-0008,"{""source"":""Inbound""}"
HS-CON-0000086,owen.bennett.0@client021.example.com,Owen,Bennett,Prime Labs 21,Marketing Manager,marketingqualifiedlead,HS-COMP-000021,HS-OWN-0002,"{""source"":""Outbound""}"
HS-CON-0000087,ella.patel.1@client021.example.com,Ella,Patel,Prime Labs 21,CMO,opportunity,HS-COMP-000021,HS-OWN-0002,"{""source"":""Referral""}"
HS-CON-0000088,jude.rivera.2@client021.example.com,Jude,Rivera,Prime Labs 21,VP Growth,lead,HS-COMP-000021,HS-OWN-0002,"{""source"":""Inbound""}"
HS-CON-0000089,ivy.kim.3@client021.example.com,Ivy,Kim,Prime Labs 21,VP Growth,opportunity,HS-COMP-000021,HS-OWN-0002,"{""source"":""Referral""}"
HS-CON-0000090,ella.patel.4@client021.example.com,Ella,Patel,Prime Labs 21,Founder,lead,HS-COMP-000021,HS-OWN-0002,"{""source"":""Outbound""}"
HS-CON-0000091,ella.allen.0@client022.example.com,Ella,Allen,Nova Capital 22,VP Growth,marketingqualifiedlead,HS-COMP-000022,HS-OWN-0007,"{""source"":""Inbound""}"
HS-CON-0000092,jude.parker.1@client022.example.com,Jude,Parker,Nova Capital 22,Founder,lead,HS-COMP-000022,HS-OWN-0007,"{""source"":""Inbound""}"
HS-CON-0000093,liam.kim.2@client022.example.com,Liam,Kim,Nova Capital 22,VP Growth,customer,HS-COMP-000022,HS-OWN-0007,"{""source"":""Outbound""}"
HS-CON-0000094,evan.kim.3@client022.example.com,Evan,Kim,Nova Capital 22,Marketing Manager,opportunity,HS-COMP-000022,HS-OWN-0007,"{""source"":""Outbound""}"
HS-CON-0000095,zoe.reed.4@client022.example.com,Zoe,Reed,Nova Capital 22,Founder,opportunity,HS-COMP-000022,HS-OWN-0007,"{""source"":""Outbound""}"
HS-CON-0000096,iris.morgan.0@client023.example.com,Iris,Morgan,Blue Labs 23,CMO,customer,HS-COMP-000023,HS-OWN-0009,"{""source"":""Inbound""}"
HS-CON-0000097,owen.evans.1@client023.example.com,Owen,Evans,Blue Labs 23,Founder,marketingqualifiedlead,HS-COMP-000023,HS-OWN-0009,"{""source"":""Outbound""}"
HS-CON-0000098,ezra.patel.2@client023.example.com,Ezra,Patel,Blue Labs 23,CMO,marketingqualifiedlead,HS-COMP-000023,HS-OWN-0009,"{""source"":""Inbound""}"
HS-CON-0000099,evan.allen.3@client023.example.com,Evan,Allen,Blue Labs 23,Founder,marketingqualifiedlead,HS-COMP-000023,HS-OWN-0009,"{""source"":""Referral""}"
HS-CON-0000100,nora.carter.4@client023.example.com,Nora,Carter,Blue Labs 23,Founder,lead,HS-COMP-000023,HS-OWN-0009,"{""source"":""Outbound""}"
HS-CON-0000101,isla.parker.5@client023.example.com,Isla,Parker,Blue Labs 23,Marketing Manager,opportunity,HS-COMP-000023,HS-OWN-0009,"{""source"":""Outbound""}"
HS-CON-0000102,aria.clark.0@client024.example.com,Aria,Clark,North Capital 24,CMO,customer,HS-COMP-000024,HS-OWN-0003,"{""source"":""Referral""}"
HS-CON-0000103,ella.kim.1@client024.example.com,Ella,Kim,North Capital 24,VP Growth,lead,HS-COMP-000024,HS-OWN-0003,"{""source"":""Referral""}"
HS-CON-0000104,noah.wright.2@client024.example.com,Noah,Wright,North Capital 24,Founder,opportunity,HS-COMP-000024,HS-OWN-0003,"{""source"":""Outbound""}"
HS-CON-0000105,ruby.lopez.3@client024.example.com,Ruby,Lopez,North Capital 24,Marketing Manager,opportunity,HS-COMP-000024,HS-OWN-0003,"{""source"":""Outbound""}"
HS-CON-0000106,aria.kim.4@client024.example.com,Aria,Kim,North Capital 24,CMO,marketingqualifiedlead,HS-COMP-000024,HS-OWN-0003,"{""source"":""Inbound""}"
HS-CON-0000107,liam.parker.5@client024.example.com,Liam,Parker,North Capital 24,Marketing Manager,marketingqualifiedlead,HS-COMP-000024,HS-OWN-0003,"{""source"":""Inbound""}"
HS-CON-0000108,luna.reed.0@client025.example.com,Luna,Reed,Nova Capital 25,Founder,customer,HS-COMP-000025,HS-OWN-0004,"{""source"":""Referral""}"
HS-CON-0000109,nora.clark.1@client025.example.com,Nora,Clark,Nova Capital 25,VP Growth,opportunity,HS-COMP-000025,HS-OWN-0004,"{""source"":""Outbound""}"
HS-CON-0000110,leo.carter.0@client026.example.com,Leo,Carter,Blue Digital 26,Marketing Manager,lead,HS-COMP-000026,HS-OWN-0009,"{""source"":""Referral""}"
HS-CON-0000111,ruby.reed.1@client026.example.com,Ruby,Reed,Blue Digital 26,VP Growth,lead,HS-COMP-000026,HS-OWN-0009,"{""source"":""Inbound""}"
HS-CON-0000112,leo.nguyen.0@client027.example.com,Leo,Nguyen,North Capital 27,VP Growth,opportunity,HS-COMP-000027,HS-OWN-0010,"{""source"":""Outbound""}"
HS-CON-0000113,nora.reed.1@client027.example.com,Nora,Reed,North Capital 27,Founder,customer,HS-COMP-000027,HS-OWN-0010,"{""source"":""Outbound""}"
HS-CON-0000114,zoe.khan.2@client027.example.com,Zoe,Khan,North Capital 27,Founder,lead,HS-COMP-000027,HS-OWN-0010,"{""source"":""Inbound""}"
HS-CON-0000115,isla.rivera.3@client027.example.com,Isla,Rivera,North Capital 27,VP Growth,marketingqualifiedlead,HS-COMP-000027,HS-OWN-0010,"{""source"":""Inbound""}"
HS-CON-0000116,mila.garcia.0@client028.example.com,Mila,Garcia,Nova Digital 28,VP Growth,opportunity,HS-COMP-000028,HS-OWN-0006,"{""source"":""Outbound""}"
HS-CON-0000117,ezra.morgan.1@client028.example.com,Ezra,Morgan,Nova Digital 28,Marketing Manager,customer,HS-COMP-000028,HS-OWN-0006,"{""source"":""Inbound""}"
HS-CON-0000118,evan.evans.2@client028.example.com,Evan,Evans,Nova Digital 28,VP Growth,customer,HS-COMP-000028,HS-OWN-0006,"{""source"":""Outbound""}"
HS-CON-0000119,luna.rivera.3@client028.example.com,Luna,Rivera,Nova Digital 28,Marketing Manager,marketingqualifiedlead,HS-COMP-000028,HS-OWN-0006,"{""source"":""Outbound""}"
HS-CON-0000120,jude.khan.4@client028.example.com,Jude,Khan,Nova Digital 28,Founder,opportunity,HS-COMP-000028,HS-OWN-0006,"{""source"":""Inbound""}"
HS-CON-0000121,iris.garcia.5@client028.example.com,Iris,Garcia,Nova Digital 28,CMO,marketingqualifiedlead,HS-COMP-000028,HS-OWN-0006,"{""source"":""Outbound""}"
HS-CON-0000122,owen.carter.0@client029.example.com,Owen,Carter,Bright Capital 29,Founder,lead,HS-COMP-000029,HS-OWN-0002,"{""source"":""Outbound""}"
HS-CON-0000123,evan.clark.1@client029.example.com,Evan,Clark,Bright Capital 29,CMO,customer,HS-COMP-000029,HS-OWN-0002,"{""source"":""Referral""}"
HS-CON-0000124,ava.lopez.2@client029.example.com,Ava,Lopez,Bright Capital 29,CMO,lead,HS-COMP-000029,HS-OWN-0002,"{""source"":""Referral""}"
HS-CON-0000125,kai.brooks.0@client030.example.com,Kai,Brooks,Nova Health 30,CMO,marketingqualifiedlead,HS-COMP-000030,HS-OWN-0006,"{""source"":""Outbound""}"
HS-CON-0000126,ella.garcia.1@client030.example.com,Ella,Garcia,Nova Health 30,Marketing Manager,customer,HS-COMP-000030,HS-OWN-0006,"{""source"":""Outbound""}"
HS-CON-0000127,isla.morgan.2@client030.example.com,Isla,Morgan,Nova Health 30,CMO,lead,HS-COMP-000030,HS-OWN-0006,"{""source"":""Referral""}"
HS-CON-0000128,evan.bailey.3@client030.example.com,Evan,Bailey,Nova Health 30,Founder,customer,HS-COMP-000030,HS-OWN-0006,"{""source"":""Inbound""}"
HS-CON-0000129,ezra.bennett.4@client030.example.com,Ezra,Bennett,Nova Health 30,VP Growth,marketingqualifiedlead,HS-COMP-000030,HS-OWN-0006,"{""source"":""Referral""}"
HS-CON-0000130,liam.bennett.0@client031.example.com,Liam,Bennett,Bright Digital 31,CMO,marketingqualifiedlead,HS-COMP-000031,HS-OWN-0009,"{""source"":""Outbound""}"
HS-CON-0000131,liam.brooks.1@client031.example.com,Liam,Brooks,Bright Digital 31,Founder,marketingqualifiedlead,HS-COMP-000031,HS-OWN-0009,"{""source"":""Outbound""}"
HS-CON-0000132,nora.patel.2@client031.example.com,Nora,Patel,Bright Digital 31,Marketing Manager,opportunity,HS-COMP-000031,HS-OWN-0009,"{""source"":""Inbound""}"
HS-CON-0000133,iris.allen.3@client031.example.com,Iris,Allen,Bright Digital 31,VP Growth,marketingqualifiedlead,HS-COMP-000031,HS-OWN-0009,"{""source"":""Referral""}"
HS-CON-0000134,isla.parker.4@client031.example.com,Isla,Parker,Bright Digital 31,Marketing Manager,customer,HS-COMP-000031,HS-OWN-0009,"{""source"":""Referral""}"
HS-CON-0000135,aria.patel.5@client031.example.com,Aria,Patel,Bright Digital 31,Marketing Manager,customer,HS-COMP-000031,HS-OWN-0009,"{""source"":""Outbound""}"
HS-CON-0000136,zoe.khan.0@client032.example.com,Zoe,Khan,North Health 32,Founder,opportunity,HS-COMP-000032,HS-OWN-0002,"{""source"":""Inbound""}"
HS-CON-0000137,luna.lopez.1@client032.example.com,Luna,Lopez,North Health 32,CMO,opportunity,HS-COMP-000032,HS-OWN-0002,"{""source"":""Referral""}"
HS-CON-0000138,jude.evans.2@client032.example.com,Jude,Evans,North Health 32,CMO,lead,HS-COMP-000032,HS-OWN-0002,"{""source"":""Inbound""}"
HS-CON-0000139,nora.brooks.0@client033.example.com,Nora,Brooks,Bright Digital 33,Marketing Manager,opportunity,HS-COMP-000033,HS-OWN-0005,"{""source"":""Referral""}"
HS-CON-0000140,kai.bennett.1@client033.example.com,Kai,Bennett,Bright Digital 33,VP Growth,opportunity,HS-COMP-000033,HS-OWN-0005,"{""source"":""Referral""}"
HS-CON-0000141,ella.parker.2@client033.example.com,Ella,Parker,Bright Digital 33,Founder,customer,HS-COMP-000033,HS-OWN-0005,"{""source"":""Inbound""}"
HS-CON-0000142,ruby.allen.3@client033.example.com,Ruby,Allen,Bright Digital 33,Marketing Manager,opportunity,HS-COMP-000033,HS-OWN-0005,"{""source"":""Referral""}"
HS-CON-0000143,ivy.patel.4@client033.example.com,Ivy,Patel,Bright Digital 33,Marketing Manager,marketingqualifiedlead,HS-COMP-000033,HS-OWN-0005,"{""source"":""Inbound""}"
HS-CON-0000144,aria.bailey.5@client033.example.com,Aria,Bailey,Bright Digital 33,Founder,opportunity,HS-COMP-000033,HS-OWN-0005,"{""source"":""Inbound""}"
HS-CON-0000145,evan.reed.0@client034.example.com,Evan,Reed,North Health 34,VP Growth,marketingqualifiedlead,HS-COMP-000034,HS-OWN-0008,"{""source"":""Inbound""}"
HS-CON-0000146,luna.rivera.1@client034.example.com,Luna,Rivera,North Health 34,Marketing Manager,lead,HS-COMP-000034,HS-OWN-0008,"{""source"":""Outbound""}"
HS-CON-0000147,liam.khan.2@client034.example.com,Liam,Khan,North Health 34,CMO,lead,HS-COMP-000034,HS-OWN-0008,"{""source"":""Referral""}"
HS-CON-0000148,isla.morgan.3@client034.example.com,Isla,Morgan,North Health 34,CMO,marketingqualifiedlead,HS-COMP-000034,HS-OWN-0008,"{""source"":""Inbound""}"
HS-CON-0000149,nora.parker.4@client034.example.com,Nora,Parker,North Health 34,Founder,opportunity,HS-COMP-000034,HS-OWN-0008,"{""source"":""Inbound""}"
HS-CON-0000150,aria.brooks.0@client035.example.com,Aria,Brooks,North Digital 35,CMO,opportunity,HS-COMP-000035,HS-OWN-0006,"{""source"":""Referral""}"
HS-CON-0000151,evan.price.1@client035.example.com,Evan,Price,North Digital 35,Marketing Manager,marketingqualifiedlead,HS-COMP-000035,HS-OWN-0006,"{""source"":""Referral""}"
HS-CON-0000152,noah.patel.2@client035.example.com,Noah,Patel,North Digital 35,CMO,customer,HS-COMP-000035,HS-OWN-0006,"{""source"":""Referral""}"
HS-CON-0000153,kai.bailey.3@client035.example.com,Kai,Bailey,North Digital 35,Founder,lead,HS-COMP-000035,HS-OWN-0006,"{""source"":""Outbound""}"
HS-CON-0000154,iris.garcia.0@client036.example.com,Iris,Garcia,Bright Retail 36,CMO,marketingqualifiedlead,HS-COMP-000036,HS-OWN-0004,"{""source"":""Inbound""}"
HS-CON-0000155,iris.rivera.1@client036.example.com,Iris,Rivera,Bright Retail 36,VP Growth,lead,HS-COMP-000036,HS-OWN-0004,"{""source"":""Inbound""}"
HS-CON-0000156,aria.bailey.2@client036.example.com,Aria,Bailey,Bright Retail 36,CMO,marketingqualifiedlead,HS-COMP-000036,HS-OWN-0004,"{""source"":""Referral""}"
HS-CON-0000157,ava.lopez.3@client036.example.com,Ava,Lopez,Bright Retail 36,Marketing Manager,customer,HS-COMP-000036,HS-OWN-0004,"{""source"":""Inbound""}"
HS-CON-0000158,jude.evans.0@client037.example.com,Jude,Evans,North Retail 37,Founder,opportunity,HS-COMP-000037,HS-OWN-0003,"{""source"":""Inbound""}"
HS-CON-0000159,aria.bennett.1@client037.example.com,Aria,Bennett,North Retail 37,Founder,marketingqualifiedlead,HS-COMP-000037,HS-OWN-0003,"{""source"":""Referral""}"
HS-CON-0000160,luna.brooks.2@client037.example.com,Luna,Brooks,North Retail 37,Founder,marketingqualifiedlead,HS-COMP-000037,HS-OWN-0003,"{""source"":""Outbound""}"
HS-CON-0000161,iris.brooks.3@client037.example.com,Iris,Brooks,North Retail 37,CMO,opportunity,HS-COMP-000037,HS-OWN-0003,"{""source"":""Inbound""}"
HS-CON-0000162,noah.khan.4@client037.example.com,Noah,Khan,North Retail 37,VP Growth,marketingqualifiedlead,HS-COMP-000037,HS-OWN-0003,"{""source"":""Referral""}"
HS-CON-0000163,isla.brooks.5@client037.example.com,Isla,Brooks,North Retail 37,VP Growth,opportunity,HS-COMP-000037,HS-OWN-0003,"{""source"":""Inbound""}"
HS-CON-0000164,noah.reed.0@client038.example.com,Noah,Reed,North Health 38,Founder,customer,HS-COMP-000038,HS-OWN-0002,"{""source"":""Outbound""}"
HS-CON-0000165,luna.parker.1@client038.example.com,Luna,Parker,North Health 38,Founder,lead,HS-COMP-000038,HS-OWN-0002,"{""source"":""Inbound""}"
HS-CON-0000166,noah.wright.2@client038.example.com,Noah,Wright,North Health 38,CMO,opportunity,HS-COMP-000038,HS-OWN-0002,"{""source"":""Referral""}"
HS-CON-0000167,iris.parker.0@client039.example.com,Iris,Parker,Bright Health 39,Marketing Manager,customer,HS-COMP-000039,HS-OWN-0004,"{""source"":""Inbound""}"
HS-CON-0000168,isla.shah.1@client039.example.com,Isla,Shah,Bright Health 39,VP Growth,opportunity,HS-COMP-000039,HS-OWN-0004,"{""source"":""Referral""}"
HS-CON-0000169,isla.khan.2@client039.example.com,Isla,Khan,Bright Health 39,Marketing Manager,customer,HS-COMP-000039,HS-OWN-0004,"{""source"":""Referral""}"
HS-CON-0000170,isla.clark.0@client040.example.com,Isla,Clark,Bright Health 40,VP Growth,marketingqualifiedlead,HS-COMP-000040,HS-OWN-0009,"{""source"":""Referral""}"
HS-CON-0000171,zoe.reed.1@client040.example.com,Zoe,Reed,Bright Health 40,Founder,opportunity,HS-COMP-000040,HS-OWN-0009,"{""source"":""Referral""}"
HS-CON-0000172,ruby.price.2@client040.example.com,Ruby,Price,Bright Health 40,Marketing Manager,opportunity,HS-COMP-000040,HS-OWN-0009,"{""source"":""Referral""}"
HS-CON-0000173,aria.brooks.3@client040.example.com,Aria,Brooks,Bright Health 40,VP Growth,lead,HS-COMP-000040,HS-OWN-0009,"{""source"":""Outbound""}"
HS-CON-0000174,nora.price.4@client040.example.com,Nora,Price,Bright Health 40,Marketing Manager,lead,HS-COMP-000040,HS-OWN-0009,"{""source"":""Outbound""}"
HS-CON-0000175,evan.lopez.5@client040.example.com,Evan,Lopez,Bright Health 40,Founder,opportunity,HS-COMP-000040,HS-OWN-0009,"{""source"":""Outbound""}"
HS-CON-0000176,aria.kim.0@client041.example.com,Aria,Kim,North Digital 41,Founder,customer,HS-COMP-000041,HS-OWN-0001,"{""source"":""Inbound""}"
HS-CON-0000177,evan.evans.1@client041.example.com,Evan,Evans,North Digital 41,Founder,customer,HS-COMP-000041,HS-OWN-0001,"{""source"":""Outbound""}"
HS-CON-0000178,owen.carter.2@client041.example.com,Owen,Carter,North Digital 41,CMO,opportunity,HS-COMP-000041,HS-OWN-0001,"{""source"":""Outbound""}"
HS-CON-0000179,iris.brooks.0@client042.example.com,Iris,Brooks,Nova Digital 42,VP Growth,customer,HS-COMP-000042,HS-OWN-0007,"{""source"":""Inbound""}"
HS-CON-0000180,ava.garcia.1@client042.example.com,Ava,Garcia,Nova Digital 42,VP Growth,marketingqualifiedlead,HS-COMP-000042,HS-OWN-0007,"{""source"":""Outbound""}"
HS-CON-0000181,mila.carter.0@client043.example.com,Mila,Carter,North Health 43,CMO,lead,HS-COMP-000043,HS-OWN-0002,"{""source"":""Outbound""}"
HS-CON-0000182,isla.wright.1@client043.example.com,Isla,Wright,North Health 43,VP Growth,opportunity,HS-COMP-000043,HS-OWN-0002,"{""source"":""Referral""}"
HS-CON-0000183,ava.allen.0@client044.example.com,Ava,Allen,Bright Capital 44,CMO,marketingqualifiedlead,HS-COMP-000044,HS-OWN-0007,"{""source"":""Outbound""}"
HS-CON-0000184,ezra.parker.1@client044.example.com,Ezra,Parker,Bright Capital 44,Marketing Manager,marketingqualifiedlead,HS-COMP-000044,HS-OWN-0007,"{""source"":""Referral""}"
HS-CON-0000185,ella.allen.0@client045.example.com,Ella,Allen,North Digital 45,Marketing Manager,customer,HS-COMP-000045,HS-OWN-0005,"{""source"":""Inbound""}"
HS-CON-0000186,aria.rivera.1@client045.example.com,Aria,Rivera,North Digital 45,VP Growth,customer,HS-COMP-000045,HS-OWN-0005,"{""source"":""Outbound""}"
HS-CON-0000187,kai.price.2@client045.example.com,Kai,Price,North Digital 45,CMO,opportunity,HS-COMP-000045,HS-OWN-0005,"{""source"":""Referral""}"
HS-CON-0000188,luna.reed.0@client046.example.com,Luna,Reed,Nova Health 46,Founder,opportunity,HS-COMP-000046,HS-OWN-0008,"{""source"":""Inbound""}"
HS-CON-0000189,leo.allen.1@client046.example.com,Leo,Allen,Nova Health 46,Founder,lead,HS-COMP-000046,HS-OWN-0008,"{""source"":""Referral""}"
HS-CON-0000190,ava.rivera.2@client046.example.com,Ava,Rivera,Nova Health 46,Marketing Manager,marketingqualifiedlead,HS-COMP-000046,HS-OWN-0008,"{""source"":""Referral""}"
HS-CON-0000191,ella.bailey.0@client047.example.com,Ella,Bailey,Bright Digital 47,CMO,customer,HS-COMP-000047,HS-OWN-0010,"{""source"":""Outbound""}"
HS-CON-0000192,nora.carter.1@client047.example.com,Nora,Carter,Bright Digital 47,CMO,marketingqualifiedlead,HS-COMP-000047,HS-OWN-0010,"{""source"":""Referral""}"
HS-CON-0000193,liam.bennett.2@client047.example.com,Liam,Bennett,Bright Digital 47,VP Growth,opportunity,HS-COMP-000047,HS-OWN-0010,"{""source"":""Inbound""}"
HS-CON-0000194,evan.garcia.3@client047.example.com,Evan,Garcia,Bright Digital 47,Marketing Manager,marketingqualifiedlead,HS-COMP-000047,HS-OWN-0010,"{""source"":""Outbound""}"
HS-CON-0000195,iris.wright.4@client047.example.com,Iris,Wright,Bright Digital 47,Founder,marketingqualifiedlead,HS-COMP-000047,HS-OWN-0010,"{""source"":""Outbound""}"
HS-CON-0000196,isla.lopez.5@client047.example.com,Isla,Lopez,Bright Digital 47,Marketing Manager,lead,HS-COMP-000047,HS-OWN-0010,"{""source"":""Outbound""}"
HS-CON-0000197,ezra.kim.0@client048.example.com,Ezra,Kim,Blue Labs 48,VP Growth,marketingqualifiedlead,HS-COMP-000048,HS-OWN-0008,"{""source"":""Outbound""}"
HS-CON-0000198,kai.rivera.1@client048.example.com,Kai,Rivera,Blue Labs 48,Marketing Manager,opportunity,HS-COMP-000048,HS-OWN-0008,"{""source"":""Outbound""}"
HS-CON-0000199,ivy.brooks.2@client048.example.com,Ivy,Brooks,Blue Labs 48,Founder,lead,HS-COMP-000048,HS-OWN-0008,"{""source"":""Outbound""}"
HS-CON-0000200,iris.nguyen.0@client049.example.com,Iris,Nguyen,Prime Retail 49,CMO,customer,HS-COMP-000049,HS-OWN-0001,"{""source"":""Outbound""}"
HS-CON-0000201,ella.khan.1@client049.example.com,Ella,Khan,Prime Retail 49,Founder,marketingqualifiedlead,HS-COMP-000049,HS-OWN-0001,"{""source"":""Referral""}"
HS-CON-0000202,nora.rivera.2@client049.example.com,Nora,Rivera,Prime Retail 49,VP Growth,opportunity,HS-COMP-000049,HS-OWN-0001,"{""source"":""Referral""}"
HS-CON-0000203,zoe.bailey.3@client049.example.com,Zoe,Bailey,Prime Retail 49,Marketing Manager,customer,HS-COMP-000049,HS-OWN-0001,"{""source"":""Referral""}"
HS-CON-0000204,evan.bennett.0@client050.example.com,Evan,Bennett,Nova Capital 50,CMO,customer,HS-COMP-000050,HS-OWN-0009,"{""source"":""Inbound""}"
HS-CON-0000205,isla.clark.1@client050.example.com,Isla,Clark,Nova Capital 50,Marketing Manager,opportunity,HS-COMP-000050,HS-OWN-0009,"{""source"":""Inbound""}"
HS-CON-0000206,ella.shah.2@client050.example.com,Ella,Shah,Nova Capital 50,CMO,opportunity,HS-COMP-000050,HS-OWN-0009,"{""source"":""Outbound""}"
HS-CON-0000207,ezra.parker.0@client051.example.com,Ezra,Parker,Nova Digital 51,Founder,lead,HS-COMP-000051,HS-OWN-0006,"{""source"":""Inbound""}"
HS-CON-0000208,zoe.garcia.1@client051.example.com,Zoe,Garcia,Nova Digital 51,Founder,marketingqualifiedlead,HS-COMP-000051,HS-OWN-0006,"{""source"":""Referral""}"
HS-CON-0000209,noah.morgan.2@client051.example.com,Noah,Morgan,Nova Digital 51,Founder,lead,HS-COMP-000051,HS-OWN-0006,"{""source"":""Outbound""}"
HS-CON-0000210,mia.garcia.3@client051.example.com,Mia,Garcia,Nova Digital 51,VP Growth,opportunity,HS-COMP-000051,HS-OWN-0006,"{""source"":""Referral""}"
HS-CON-0000211,isla.brooks.4@client051.example.com,Isla,Brooks,Nova Digital 51,Marketing Manager,marketingqualifiedlead,HS-COMP-000051,HS-OWN-0006,"{""source"":""Inbound""}"
HS-CON-0000212,owen.price.5@client051.example.com,Owen,Price,Nova Digital 51,CMO,marketingqualifiedlead,HS-COMP-000051,HS-OWN-0006,"{""source"":""Referral""}"
HS-CON-0000213,ezra.shah.0@client052.example.com,Ezra,Shah,Prime Retail 52,CMO,marketingqualifiedlead,HS-COMP-000052,HS-OWN-0008,"{""source"":""Outbound""}"
HS-CON-0000214,jude.evans.1@client052.example.com,Jude,Evans,Prime Retail 52,VP Growth,lead,HS-COMP-000052,HS-OWN-0008,"{""source"":""Outbound""}"
HS-CON-0000215,mila.lopez.2@client052.example.com,Mila,Lopez,Prime Retail 52,Marketing Manager,customer,HS-COMP-000052,HS-OWN-0008,"{""source"":""Referral""}"
HS-CON-0000216,jude.khan.0@client053.example.com,Jude,Khan,Prime Retail 53,CMO,opportunity,HS-COMP-000053,HS-OWN-0008,"{""source"":""Referral""}"
HS-CON-0000217,isla.brooks.1@client053.example.com,Isla,Brooks,Prime Retail 53,Founder,opportunity,HS-COMP-000053,HS-OWN-0008,"{""source"":""Outbound""}"
HS-CON-0000218,leo.rivera.2@client053.example.com,Leo,Rivera,Prime Retail 53,CMO,lead,HS-COMP-000053,HS-OWN-0008,"{""source"":""Outbound""}"
HS-CON-0000219,noah.nguyen.3@client053.example.com,Noah,Nguyen,Prime Retail 53,VP Growth,marketingqualifiedlead,HS-COMP-000053,HS-OWN-0008,"{""source"":""Inbound""}"
HS-CON-0000220,liam.brooks.4@client053.example.com,Liam,Brooks,Prime Retail 53,VP Growth,customer,HS-COMP-000053,HS-OWN-0008,"{""source"":""Referral""}"
HS-CON-0000221,evan.evans.0@client054.example.com,Evan,Evans,Blue Retail 54,CMO,opportunity,HS-COMP-000054,HS-OWN-0004,"{""source"":""Outbound""}"
HS-CON-0000222,leo.garcia.1@client054.example.com,Leo,Garcia,Blue Retail 54,CMO,marketingqualifiedlead,HS-COMP-000054,HS-OWN-0004,"{""source"":""Outbound""}"
HS-CON-0000223,mia.nguyen.0@client055.example.com,Mia,Nguyen,Nova Capital 55,VP Growth,customer,HS-COMP-000055,HS-OWN-0001,"{""source"":""Referral""}"
HS-CON-0000224,owen.khan.1@client055.example.com,Owen,Khan,Nova Capital 55,VP Growth,lead,HS-COMP-000055,HS-OWN-0001,"{""source"":""Referral""}"
HS-CON-0000225,evan.parker.2@client055.example.com,Evan,Parker,Nova Capital 55,VP Growth,lead,HS-COMP-000055,HS-OWN-0001,"{""source"":""Referral""}"
HS-CON-0000226,iris.reed.3@client055.example.com,Iris,Reed,Nova Capital 55,VP Growth,marketingqualifiedlead,HS-COMP-000055,HS-OWN-0001,"{""source"":""Referral""}"
HS-CON-0000227,ava.morgan.0@client056.example.com,Ava,Morgan,Nova Capital 56,CMO,customer,HS-COMP-000056,HS-OWN-0001,"{""source"":""Referral""}"
HS-CON-0000228,kai.kim.1@client056.example.com,Kai,Kim,Nova Capital 56,Marketing Manager,lead,HS-COMP-000056,HS-OWN-0001,"{""source"":""Outbound""}"
HS-CON-0000229,noah.bailey.0@client057.example.com,Noah,Bailey,Nova Retail 57,Founder,lead,HS-COMP-000057,HS-OWN-0004,"{""source"":""Referral""}"
HS-CON-0000230,nora.clark.1@client057.example.com,Nora,Clark,Nova Retail 57,VP Growth,marketingqualifiedlead,HS-COMP-000057,HS-OWN-0004,"{""source"":""Referral""}"
HS-CON-0000231,ella.price.2@client057.example.com,Ella,Price,Nova Retail 57,Founder,marketingqualifiedlead,HS-COMP-000057,HS-OWN-0004,"{""source"":""Outbound""}"
HS-CON-0000232,luna.morgan.3@client057.example.com,Luna,Morgan,Nova Retail 57,Marketing Manager,lead,HS-COMP-000057,HS-OWN-0004,"{""source"":""Referral""}"
HS-CON-0000233,mila.garcia.0@client058.example.com,Mila,Garcia,North Capital 58,Marketing Manager,marketingqualifiedlead,HS-COMP-000058,HS-OWN-0010,"{""source"":""Referral""}"
HS-CON-0000234,ruby.patel.1@client058.example.com,Ruby,Patel,North Capital 58,Marketing Manager,opportunity,HS-COMP-000058,HS-OWN-0010,"{""source"":""Inbound""}"
HS-CON-0000235,liam.morgan.2@client058.example.com,Liam,Morgan,North Capital 58,Founder,opportunity,HS-COMP-000058,HS-OWN-0010,"{""source"":""Referral""}"
HS-CON-0000236,noah.price.3@client058.example.com,Noah,Price,North Capital 58,CMO,marketingqualifiedlead,HS-COMP-000058,HS-OWN-0010,"{""source"":""Outbound""}"
HS-CON-0000237,kai.khan.4@client058.example.com,Kai,Khan,North Capital 58,CMO,customer,HS-COMP-000058,HS-OWN-0010,"{""source"":""Outbound""}"
HS-CON-0000238,nora.kim.0@client059.example.com,Nora,Kim,North Capital 59,CMO,marketingqualifiedlead,HS-COMP-000059,HS-OWN-0001,"{""source"":""Inbound""}"
HS-CON-0000239,leo.bennett.1@client059.example.com,Leo,Bennett,North Capital 59,Founder,opportunity,HS-COMP-000059,HS-OWN-0001,"{""source"":""Referral""}"
HS-CON-0000240,noah.reed.0@client060.example.com,Noah,Reed,Bright Capital 60,VP Growth,lead,HS-COMP-000060,HS-OWN-0002,"{""source"":""Inbound""}"
HS-CON-0000241,zoe.kim.1@client060.example.com,Zoe,Kim,Bright Capital 60,CMO,marketingqualifiedlead,HS-COMP-000060,HS-OWN-0002,"{""source"":""Referral""}"
HS-CON-0000242,iris.price.0@client061.example.com,Iris,Price,Blue Labs 61,VP Growth,lead,HS-COMP-000061,HS-OWN-0004,"{""source"":""Inbound""}"
HS-CON-0000243,noah.lopez.1@client061.example.com,Noah,Lopez,Blue Labs 61,Founder,marketingqualifiedlead,HS-COMP-000061,HS-OWN-0004,"{""source"":""Inbound""}"
HS-CON-0000244,evan.kim.0@client062.example.com,Evan,Kim,Nova Retail 62,CMO,marketingqualifiedlead,HS-COMP-000062,HS-OWN-0005,"{""source"":""Outbound""}"
HS-CON-0000245,mila.rivera.1@client062.example.com,Mila,Rivera,Nova Retail 62,Founder,customer,HS-COMP-000062,HS-OWN-0005,"{""source"":""Inbound""}"
HS-CON-0000246,noah.shah.2@client062.example.com,Noah,Shah,Nova Retail 62,Founder,marketingqualifiedlead,HS-COMP-000062,HS-OWN-0005,"{""source"":""Referral""}"
HS-CON-0000247,nora.parker.3@client062.example.com,Nora,Parker,Nova Retail 62,Marketing Manager,lead,HS-COMP-000062,HS-OWN-0005,"{""source"":""Referral""}"
HS-CON-0000248,ella.price.0@client063.example.com,Ella,Price,Nova Labs 63,Marketing Manager,marketingqualifiedlead,HS-COMP-000063,HS-OWN-0010,"{""source"":""Inbound""}"
HS-CON-0000249,ezra.morgan.1@client063.example.com,Ezra,Morgan,Nova Labs 63,VP Growth,lead,HS-COMP-000063,HS-OWN-0010,"{""source"":""Inbound""}"
HS-CON-0000250,iris.brooks.2@client063.example.com,Iris,Brooks,Nova Labs 63,VP Growth,marketingqualifiedlead,HS-COMP-000063,HS-OWN-0010,"{""source"":""Inbound""}"
HS-CON-0000251,ezra.price.3@client063.example.com,Ezra,Price,Nova Labs 63,VP Growth,opportunity,HS-COMP-000063,HS-OWN-0010,"{""source"":""Outbound""}"
HS-CON-0000252,ava.wright.4@client063.example.com,Ava,Wright,Nova Labs 63,Marketing Manager,marketingqualifiedlead,HS-COMP-000063,HS-OWN-0010,"{""source"":""Referral""}"
HS-CON-0000253,luna.clark.5@client063.example.com,Luna,Clark,Nova Labs 63,Marketing Manager,customer,HS-COMP-000063,HS-OWN-0010,"{""source"":""Inbound""}"
HS-CON-0000254,jude.lopez.0@client064.example.com,Jude,Lopez,Blue Health 64,Marketing Manager,opportunity,HS-COMP-000064,HS-OWN-0010,"{""source"":""Outbound""}"
HS-CON-0000255,leo.allen.1@client064.example.com,Leo,Allen,Blue Health 64,CMO,lead,HS-COMP-000064,HS-OWN-0010,"{""source"":""Inbound""}"
HS-CON-0000256,iris.kim.2@client064.example.com,Iris,Kim,Blue Health 64,CMO,opportunity,HS-COMP-000064,HS-OWN-0010,"{""source"":""Inbound""}"
HS-CON-0000257,ella.brooks.3@client064.example.com,Ella,Brooks,Blue Health 64,CMO,opportunity,HS-COMP-000064,HS-OWN-0010,"{""source"":""Referral""}"
HS-CON-0000258,iris.brooks.0@client065.example.com,Iris,Brooks,Bright Labs 65,CMO,marketingqualifiedlead,HS-COMP-000065,HS-OWN-0006,"{""source"":""Outbound""}"
HS-CON-0000259,zoe.evans.1@client065.example.com,Zoe,Evans,Bright Labs 65,Marketing Manager,lead,HS-COMP-000065,HS-OWN-0006,"{""source"":""Referral""}"
HS-CON-0000260,ezra.khan.0@client066.example.com,Ezra,Khan,Prime Retail 66,VP Growth,opportunity,HS-COMP-000066,HS-OWN-0003,"{""source"":""Inbound""}"
HS-CON-0000261,ava.patel.1@client066.example.com,Ava,Patel,Prime Retail 66,Founder,customer,HS-COMP-000066,HS-OWN-0003,"{""source"":""Outbound""}"
HS-CON-0000262,ivy.reed.2@client066.example.com,Ivy,Reed,Prime Retail 66,Founder,customer,HS-COMP-000066,HS-OWN-0003,"{""source"":""Referral""}"
HS-CON-0000263,zoe.reed.0@client067.example.com,Zoe,Reed,Nova Health 67,Founder,marketingqualifiedlead,HS-COMP-000067,HS-OWN-0004,"{""source"":""Outbound""}"
HS-CON-0000264,noah.bailey.1@client067.example.com,Noah,Bailey,Nova Health 67,CMO,opportunity,HS-COMP-000067,HS-OWN-0004,"{""source"":""Outbound""}"
HS-CON-0000265,noah.clark.0@client068.example.com,Noah,Clark,Nova Capital 68,Founder,marketingqualifiedlead,HS-COMP-000068,HS-OWN-0001,"{""source"":""Inbound""}"
HS-CON-0000266,ava.lopez.1@client068.example.com,Ava,Lopez,Nova Capital 68,Marketing Manager,opportunity,HS-COMP-000068,HS-OWN-0001,"{""source"":""Inbound""}"
HS-CON-0000267,ruby.garcia.2@client068.example.com,Ruby,Garcia,Nova Capital 68,VP Growth,customer,HS-COMP-000068,HS-OWN-0001,"{""source"":""Referral""}"
HS-CON-0000268,ruby.shah.3@client068.example.com,Ruby,Shah,Nova Capital 68,CMO,customer,HS-COMP-000068,HS-OWN-0001,"{""source"":""Inbound""}"
HS-CON-0000269,ella.brooks.4@client068.example.com,Ella,Brooks,Nova Capital 68,VP Growth,marketingqualifiedlead,HS-COMP-000068,HS-OWN-0001,"{""source"":""Referral""}"
HS-CON-0000270,liam.kim.0@client069.example.com,Liam,Kim,Bright Health 69,CMO,lead,HS-COMP-000069,HS-OWN-0005,"{""source"":""Outbound""}"
HS-CON-0000271,ella.bailey.1@client069.example.com,Ella,Bailey,Bright Health 69,Founder,marketingqualifiedlead,HS-COMP-000069,HS-OWN-0005,"{""source"":""Outbound""}"
HS-CON-0000272,liam.brooks.2@client069.example.com,Liam,Brooks,Bright Health 69,Founder,customer,HS-COMP-000069,HS-OWN-0005,"{""source"":""Outbound""}"
HS-CON-0000273,ezra.rivera.3@client069.example.com,Ezra,Rivera,Bright Health 69,VP Growth,lead,HS-COMP-000069,HS-OWN-0005,"{""source"":""Referral""}"
HS-CON-0000274,liam.parker.4@client069.example.com,Liam,Parker,Bright Health 69,Marketing Manager,lead,HS-COMP-000069,HS-OWN-0005,"{""source"":""Referral""}"
HS-CON-0000275,leo.reed.5@client069.example.com,Leo,Reed,Bright Health 69,Marketing Manager,marketingqualifiedlead,HS-COMP-000069,HS-OWN-0005,"{""source"":""Inbound""}"
HS-CON-0000276,jude.shah.0@client070.example.com,Jude,Shah,North Capital 70,VP Growth,lead,HS-COMP-000070,HS-OWN-0008,"{""source"":""Inbound""}"
HS-CON-0000277,kai.bailey.1@client070.example.com,Kai,Bailey,North Capital 70,Founder,opportunity,HS-COMP-000070,HS-OWN-0008,"{""source"":""Referral""}"
HS-CON-0000278,owen.bennett.2@client070.example.com,Owen,Bennett,North Capital 70,CMO,customer,HS-COMP-000070,HS-OWN-0008,"{""source"":""Inbound""}"
HS-CON-0000279,liam.rivera.0@client071.example.com,Liam,Rivera,Bright Digital 71,VP Growth,opportunity,HS-COMP-000071,HS-OWN-0008,"{""source"":""Inbound""}"
HS-CON-0000280,zoe.clark.1@client071.example.com,Zoe,Clark,Bright Digital 71,VP Growth,opportunity,HS-COMP-000071,HS-OWN-0008,"{""source"":""Referral""}"
HS-CON-0000281,mia.morgan.2@client071.example.com,Mia,Morgan,Bright Digital 71,Marketing Manager,opportunity,HS-COMP-000071,HS-OWN-0008,"{""source"":""Outbound""}"
HS-CON-0000282,owen.price.0@client072.example.com,Owen,Price,Bright Health 72,CMO,marketingqualifiedlead,HS-COMP-000072,HS-OWN-0004,"{""source"":""Inbound""}"
HS-CON-0000283,nora.patel.1@client072.example.com,Nora,Patel,Bright Health 72,Marketing Manager,lead,HS-COMP-000072,HS-OWN-0004,"{""source"":""Referral""}"
HS-CON-0000284,liam.wright.2@client072.example.com,Liam,Wright,Bright Health 72,Marketing Manager,opportunity,HS-COMP-000072,HS-OWN-0004,"{""source"":""Referral""}"
HS-CON-0000285,aria.carter.0@client073.example.com,Aria,Carter,North Retail 73,CMO,lead,HS-COMP-000073,HS-OWN-0008,"{""source"":""Referral""}"
HS-CON-0000286,isla.reed.1@client073.example.com,Isla,Reed,North Retail 73,CMO,marketingqualifiedlead,HS-COMP-000073,HS-OWN-0008,"{""source"":""Referral""}"
HS-CON-0000287,jude.clark.2@client073.example.com,Jude,Clark,North Retail 73,VP Growth,customer,HS-COMP-000073,HS-OWN-0008,"{""source"":""Referral""}"
HS-CON-0000288,zoe.shah.0@client074.example.com,Zoe,Shah,North Health 74,VP Growth,opportunity,HS-COMP-000074,HS-OWN-0006,"{""source"":""Referral""}"
HS-CON-0000289,mila.lopez.1@client074.example.com,Mila,Lopez,North Health 74,Marketing Manager,marketingqualifiedlead,HS-COMP-000074,HS-OWN-0006,"{""source"":""Inbound""}"
HS-CON-0000290,luna.reed.0@client075.example.com,Luna,Reed,Blue Digital 75,VP Growth,lead,HS-COMP-000075,HS-OWN-0003,"{""source"":""Referral""}"
HS-CON-0000291,isla.shah.1@client075.example.com,Isla,Shah,Blue Digital 75,Marketing Manager,opportunity,HS-COMP-000075,HS-OWN-0003,"{""source"":""Outbound""}"
HS-CON-0000292,noah.morgan.2@client075.example.com,Noah,Morgan,Blue Digital 75,VP Growth,marketingqualifiedlead,HS-COMP-000075,HS-OWN-0003,"{""source"":""Outbound""}"
HS-CON-0000293,kai.parker.0@client076.example.com,Kai,Parker,Prime Health 76,VP Growth,customer,HS-COMP-000076,HS-OWN-0001,"{""source"":""Inbound""}"
HS-CON-0000294,isla.kim.1@client076.example.com,Isla,Kim,Prime Health 76,Marketing Manager,opportunity,HS-COMP-000076,HS-OWN-0001,"{""source"":""Referral""}"
HS-CON-0000295,ruby.brooks.0@client077.example.com,Ruby,Brooks,Nova Labs 77,CMO,lead,HS-COMP-000077,HS-OWN-0003,"{""source"":""Outbound""}"
HS-CON-0000296,nora.wright.1@client077.example.com,Nora,Wright,Nova Labs 77,CMO,opportunity,HS-COMP-000077,HS-OWN-0003,"{""source"":""Outbound""}"
HS-CON-0000297,nora.nguyen.2@client077.example.com,Nora,Nguyen,Nova Labs 77,CMO,marketingqualifiedlead,HS-COMP-000077,HS-OWN-0003,"{""source"":""Inbound""}"
HS-CON-0000298,ella.clark.3@client077.example.com,Ella,Clark,Nova Labs 77,Marketing Manager,lead,HS-COMP-000077,HS-OWN-0003,"{""source"":""Referral""}"
HS-CON-0000299,owen.price.4@client077.example.com,Owen,Price,Nova Labs 77,VP Growth,marketingqualifiedlead,HS-COMP-000077,HS-OWN-0003,"{""source"":""Inbound""}"
HS-CON-0000300,zoe.rivera.0@client078.example.com,Zoe,Rivera,North Digital 78,VP Growth,marketingqualifiedlead,HS-COMP-000078,HS-OWN-0008,"{""source"":""Inbound""}"
HS-CON-0000301,kai.nguyen.1@client078.example.com,Kai,Nguyen,North Digital 78,Marketing Manager,marketingqualifiedlead,HS-COMP-000078,HS-OWN-0008,"{""source"":""Outbound""}"
HS-CON-0000302,isla.lopez.2@client078.example.com,Isla,Lopez,North Digital 78,CMO,marketingqualifiedlead,HS-COMP-000078,HS-OWN-0008,"{""source"":""Inbound""}"
HS-CON-0000303,luna.shah.0@client079.example.com,Luna,Shah,Blue Retail 79,Founder,marketingqualifiedlead,HS-COMP-000079,HS-OWN-0004,"{""source"":""Inbound""}"
HS-CON-0000304,ava.clark.1@client079.example.com,Ava,Clark,Blue Retail 79,Founder,lead,HS-COMP-000079,HS-OWN-0004,"{""source"":""Outbound""}"
HS-CON-0000305,ivy.clark.0@client080.example.com,Ivy,Clark,Blue Capital 80,Marketing Manager,lead,HS-COMP-000080,HS-OWN-0010,"{""source"":""Outbound""}"
HS-CON-0000306,ruby.lopez.1@client080.example.com,Ruby,Lopez,Blue Capital 80,Founder,opportunity,HS-COMP-000080,HS-OWN-0010,"{""source"":""Inbound""}"
HS-CON-0000307,ava.nguyen.2@client080.example.com,Ava,Nguyen,Blue Capital 80,CMO,lead,HS-COMP-000080,HS-OWN-0010,"{""source"":""Outbound""}"
HS-CON-0000308,ruby.kim.3@client080.example.com,Ruby,Kim,Blue Capital 80,CMO,lead,HS-COMP-000080,HS-OWN-0010,"{""source"":""Outbound""}"
HS-CON-0000309,evan.patel.0@client081.example.com,Evan,Patel,Blue Retail 81,CMO,marketingqualifiedlead,HS-COMP-000081,HS-OWN-0010,"{""source"":""Inbound""}"
HS-CON-0000310,mila.wright.1@client081.example.com,Mila,Wright,Blue Retail 81,VP Growth,customer,HS-COMP-000081,HS-OWN-0010,"{""source"":""Outbound""}"
HS-CON-0000311,mia.garcia.2@client081.example.com,Mia,Garcia,Blue Retail 81,CMO,lead,HS-COMP-000081,HS-OWN-0010,"{""source"":""Inbound""}"
HS-CON-0000312,leo.allen.3@client081.example.com,Leo,Allen,Blue Retail 81,VP Growth,customer,HS-COMP-000081,HS-OWN-0010,"{""source"":""Outbound""}"
HS-CON-0000313,leo.garcia.0@client082.example.com,Leo,Garcia,North Labs 82,Founder,customer,HS-COMP-000082,HS-OWN-0003,"{""source"":""Outbound""}"
HS-CON-0000314,evan.reed.1@client082.example.com,Evan,Reed,North Labs 82,Founder,opportunity,HS-COMP-000082,HS-OWN-0003,"{""source"":""Outbound""}"
HS-CON-0000315,evan.patel.0@client083.example.com,Evan,Patel,Bright Capital 83,CMO,opportunity,HS-COMP-000083,HS-OWN-0009,"{""source"":""Outbound""}"
HS-CON-0000316,zoe.nguyen.1@client083.example.com,Zoe,Nguyen,Bright Capital 83,Marketing Manager,opportunity,HS-COMP-000083,HS-OWN-0009,"{""source"":""Outbound""}"
HS-CON-0000317,owen.evans.2@client083.example.com,Owen,Evans,Bright Capital 83,CMO,customer,HS-COMP-000083,HS-OWN-0009,"{""source"":""Outbound""}"
HS-CON-0000318,ezra.rivera.3@client083.example.com,Ezra,Rivera,Bright Capital 83,VP Growth,customer,HS-COMP-000083,HS-OWN-0009,"{""source"":""Inbound""}"
HS-CON-0000319,luna.evans.4@client083.example.com,Luna,Evans,Bright Capital 83,CMO,lead,HS-COMP-000083,HS-OWN-0009,"{""source"":""Outbound""}"
HS-CON-0000320,kai.brooks.0@client084.example.com,Kai,Brooks,Bright Labs 84,Marketing Manager,lead,HS-COMP-000084,HS-OWN-0004,"{""source"":""Referral""}"
HS-CON-0000321,evan.price.1@client084.example.com,Evan,Price,Bright Labs 84,Founder,lead,HS-COMP-000084,HS-OWN-0004,"{""source"":""Referral""}"
HS-CON-0000322,evan.allen.2@client084.example.com,Evan,Allen,Bright Labs 84,CMO,customer,HS-COMP-000084,HS-OWN-0004,"{""source"":""Outbound""}"
HS-CON-0000323,ava.garcia.3@client084.example.com,Ava,Garcia,Bright Labs 84,Founder,customer,HS-COMP-000084,HS-OWN-0004,"{""source"":""Inbound""}"
HS-CON-0000324,luna.bailey.4@client084.example.com,Luna,Bailey,Bright Labs 84,CMO,lead,HS-COMP-000084,HS-OWN-0004,"{""source"":""Outbound""}"
HS-CON-0000325,jude.clark.5@client084.example.com,Jude,Clark,Bright Labs 84,Marketing Manager,customer,HS-COMP-000084,HS-OWN-0004,"{""source"":""Referral""}"
HS-CON-0000326,luna.parker.0@client085.example.com,Luna,Parker,Blue Retail 85,VP Growth,lead,HS-COMP-000085,HS-OWN-0009,"{""source"":""Inbound""}"
HS-CON-0000327,leo.rivera.1@client085.example.com,Leo,Rivera,Blue Retail 85,Marketing Manager,customer,HS-COMP-000085,HS-OWN-0009,"{""source"":""Inbound""}"
HS-CON-0000328,aria.evans.2@client085.example.com,Aria,Evans,Blue Retail 85,Marketing Manager,marketingqualifiedlead,HS-COMP-000085,HS-OWN-0009,"{""source"":""Inbound""}"
HS-CON-0000329,kai.lopez.3@client085.example.com,Kai,Lopez,Blue Retail 85,Founder,marketingqualifiedlead,HS-COMP-000085,HS-OWN-0009,"{""source"":""Outbound""}"
HS-CON-0000330,ivy.price.0@client086.example.com,Ivy,Price,Prime Health 86,Founder,marketingqualifiedlead,HS-COMP-000086,HS-OWN-0006,"{""source"":""Outbound""}"
HS-CON-0000331,iris.reed.1@client086.example.com,Iris,Reed,Prime Health 86,Marketing Manager,lead,HS-COMP-000086,HS-OWN-0006,"{""source"":""Referral""}"
HS-CON-0000332,jude.evans.2@client086.example.com,Jude,Evans,Prime Health 86,VP Growth,customer,HS-COMP-000086,HS-OWN-0006,"{""source"":""Referral""}"
HS-CON-0000333,jude.morgan.3@client086.example.com,Jude,Morgan,Prime Health 86,VP Growth,customer,HS-COMP-000086,HS-OWN-0006,"{""source"":""Referral""}"
HS-CON-0000334,mila.bennett.4@client086.example.com,Mila,Bennett,Prime Health 86,Marketing Manager,marketingqualifiedlead,HS-COMP-000086,HS-OWN-0006,"{""source"":""Referral""}"
HS-CON-0000335,jude.parker.5@client086.example.com,Jude,Parker,Prime Health 86,VP Growth,opportunity,HS-COMP-000086,HS-OWN-0006,"{""source"":""Outbound""}"
HS-CON-0000336,luna.rivera.0@client087.example.com,Luna,Rivera,Bright Capital 87,Founder,opportunity,HS-COMP-000087,HS-OWN-0009,"{""source"":""Referral""}"
HS-CON-0000337,ava.parker.1@client087.example.com,Ava,Parker,Bright Capital 87,CMO,lead,HS-COMP-000087,HS-OWN-0009,"{""source"":""Referral""}"
HS-CON-0000338,isla.patel.2@client087.example.com,Isla,Patel,Bright Capital 87,CMO,marketingqualifiedlead,HS-COMP-000087,HS-OWN-0009,"{""source"":""Referral""}"
HS-CON-0000339,leo.clark.3@client087.example.com,Leo,Clark,Bright Capital 87,VP Growth,marketingqualifiedlead,HS-COMP-000087,HS-OWN-0009,"{""source"":""Inbound""}"
HS-CON-0000340,zoe.bailey.0@client088.example.com,Zoe,Bailey,Nova Labs 88,CMO,lead,HS-COMP-000088,HS-OWN-0009,"{""source"":""Outbound""}"
HS-CON-0000341,aria.lopez.1@client088.example.com,Aria,Lopez,Nova Labs 88,Founder,marketingqualifiedlead,HS-COMP-000088,HS-OWN-0009,"{""source"":""Outbound""}"
HS-CON-0000342,ella.price.2@client088.example.com,Ella,Price,Nova Labs 88,Marketing Manager,marketingqualifiedlead,HS-COMP-000088,HS-OWN-0009,"{""source"":""Referral""}"
HS-CON-0000343,evan.reed.3@client088.example.com,Evan,Reed,Nova Labs 88,CMO,marketingqualifiedlead,HS-COMP-000088,HS-OWN-0009,"{""source"":""Inbound""}"
HS-CON-0000344,owen.garcia.4@client088.example.com,Owen,Garcia,Nova Labs 88,Founder,lead,HS-COMP-000088,HS-OWN-0009,"{""source"":""Referral""}"
HS-CON-0000345,noah.allen.0@client089.example.com,Noah,Allen,Prime Labs 89,Marketing Manager,marketingqualifiedlead,HS-COMP-000089,HS-OWN-0005,"{""source"":""Outbound""}"
HS-CON-0000346,noah.parker.1@client089.example.com,Noah,Parker,Prime Labs 89,Marketing Manager,customer,HS-COMP-000089,HS-OWN-0005,"{""source"":""Outbound""}"
HS-CON-0000347,luna.brooks.2@client089.example.com,Luna,Brooks,Prime Labs 89,CMO,opportunity,HS-COMP-000089,HS-OWN-0005,"{""source"":""Inbound""}"
HS-CON-0000348,nora.allen.3@client089.example.com,Nora,Allen,Prime Labs 89,VP Growth,opportunity,HS-COMP-000089,HS-OWN-0005,"{""source"":""Referral""}"
HS-CON-0000349,mia.brooks.0@client090.example.com,Mia,Brooks,Nova Retail 90,VP Growth,opportunity,HS-COMP-000090,HS-OWN-0003,"{""source"":""Inbound""}"
HS-CON-0000350,owen.wright.1@client090.example.com,Owen,Wright,Nova Retail 90,Founder,customer,HS-COMP-000090,HS-OWN-0003,"{""source"":""Inbound""}"
HS-CON-0000351,mila.lopez.2@client090.example.com,Mila,Lopez,Nova Retail 90,VP Growth,lead,HS-COMP-000090,HS-OWN-0003,"{""source"":""Inbound""}"
HS-CON-0000352,leo.bailey.3@client090.example.com,Leo,Bailey,Nova Retail 90,CMO,lead,HS-COMP-000090,HS-OWN-0003,"{""source"":""Inbound""}"
HS-CON-0000353,nora.carter.4@client090.example.com,Nora,Carter,Nova Retail 90,CMO,marketingqualifiedlead,HS-COMP-000090,HS-OWN-0003,"{""source"":""Outbound""}"
HS-CON-0000354,luna.nguyen.0@client091.example.com,Luna,Nguyen,Prime Labs 91,CMO,lead,HS-COMP-000091,HS-OWN-0003,"{""source"":""Outbound""}"
HS-CON-0000355,noah.wright.1@client091.example.com,Noah,Wright,Prime Labs 91,CMO,opportunity,HS-COMP-000091,HS-OWN-0003,"{""source"":""Outbound""}"
HS-CON-0000356,ava.bailey.0@client092.example.com,Ava,Bailey,Prime Retail 92,Marketing Manager,lead,HS-COMP-000092,HS-OWN-0009,"{""source"":""Inbound""}"
HS-CON-0000357,ava.price.1@client092.example.com,Ava,Price,Prime Retail 92,Founder,lead,HS-COMP-000092,HS-OWN-0009,"{""source"":""Referral""}"
HS-CON-0000358,nora.wright.2@client092.example.com,Nora,Wright,Prime Retail 92,Marketing Manager,customer,HS-COMP-000092,HS-OWN-0009,"{""source"":""Outbound""}"
HS-CON-0000359,owen.kim.3@client092.example.com,Owen,Kim,Prime Retail 92,Marketing Manager,marketingqualifiedlead,HS-COMP-000092,HS-OWN-0009,"{""source"":""Inbound""}"
HS-CON-0000360,mia.clark.0@client093.example.com,Mia,Clark,Blue Health 93,CMO,marketingqualifiedlead,HS-COMP-000093,HS-OWN-0007,"{""source"":""Referral""}"
HS-CON-0000361,ruby.bennett.1@client093.example.com,Ruby,Bennett,Blue Health 93,VP Growth,opportunity,HS-COMP-000093,HS-OWN-0007,"{""source"":""Outbound""}"
HS-CON-0000362,iris.kim.2@client093.example.com,Iris,Kim,Blue Health 93,VP Growth,opportunity,HS-COMP-000093,HS-OWN-0007,"{""source"":""Referral""}"
HS-CON-0000363,evan.bennett.0@client094.example.com,Evan,Bennett,Nova Capital 94,VP Growth,opportunity,HS-COMP-000094,HS-OWN-0003,"{""source"":""Referral""}"
HS-CON-0000364,luna.garcia.1@client094.example.com,Luna,Garcia,Nova Capital 94,Marketing Manager,lead,HS-COMP-000094,HS-OWN-0003,"{""source"":""Referral""}"
HS-CON-0000365,isla.bailey.2@client094.example.com,Isla,Bailey,Nova Capital 94,Marketing Manager,opportunity,HS-COMP-000094,HS-OWN-0003,"{""source"":""Outbound""}"
HS-CON-0000366,noah.khan.3@client094.example.com,Noah,Khan,Nova Capital 94,CMO,lead,HS-COMP-000094,HS-OWN-0003,"{""source"":""Outbound""}"
HS-CON-0000367,iris.brooks.4@client094.example.com,Iris,Brooks,Nova Capital 94,Marketing Manager,lead,HS-COMP-000094,HS-OWN-0003,"{""source"":""Outbound""}"
HS-CON-0000368,leo.parker.0@client095.example.com,Leo,Parker,Prime Health 95,Marketing Manager,customer,HS-COMP-000095,HS-OWN-0004,"{""source"":""Inbound""}"
HS-CON-0000369,leo.price.1@client095.example.com,Leo,Price,Prime Health 95,Marketing Manager,customer,HS-COMP-000095,HS-OWN-0004,"{""source"":""Referral""}"
HS-CON-0000370,liam.morgan.2@client095.example.com,Liam,Morgan,Prime Health 95,Founder,marketingqualifiedlead,HS-COMP-000095,HS-OWN-0004,"{""source"":""Inbound""}"
HS-CON-0000371,aria.wright.3@client095.example.com,Aria,Wright,Prime Health 95,Marketing Manager,lead,HS-COMP-000095,HS-OWN-0004,"{""source"":""Outbound""}"
HS-CON-0000372,nora.parker.4@client095.example.com,Nora,Parker,Prime Health 95,VP Growth,customer,HS-COMP-000095,HS-OWN-0004,"{""source"":""Referral""}"
HS-CON-0000373,evan.patel.5@client095.example.com,Evan,Patel,Prime Health 95,CMO,opportunity,HS-COMP-000095,HS-OWN-0004,"{""source"":""Inbound""}"
HS-CON-0000374,ava.parker.0@client096.example.com,Ava,Parker,Prime Capital 96,Marketing Manager,customer,HS-COMP-000096,HS-OWN-0003,"{""source"":""Inbound""}"
HS-CON-0000375,ezra.khan.1@client096.example.com,Ezra,Khan,Prime Capital 96,VP Growth,marketingqualifiedlead,HS-COMP-000096,HS-OWN-0003,"{""source"":""Inbound""}"
HS-CON-0000376,leo.reed.2@client096.example.com,Leo,Reed,Prime Capital 96,VP Growth,lead,HS-COMP-000096,HS-OWN-0003,"{""source"":""Outbound""}"
HS-CON-0000377,ezra.carter.3@client096.example.com,Ezra,Carter,Prime Capital 96,VP Growth,lead,HS-COMP-000096,HS-OWN-0003,"{""source"":""Referral""}"
HS-CON-0000378,ruby.rivera.4@client096.example.com,Ruby,Rivera,Prime Capital 96,Marketing Manager,marketingqualifiedlead,HS-COMP-000096,HS-OWN-0003,"{""source"":""Outbound""}"
HS-CON-0000379,ivy.nguyen.5@client096.example.com,Ivy,Nguyen,Prime Capital 96,Marketing Manager,lead,HS-COMP-000096,HS-OWN-0003,"{""source"":""Inbound""}"
HS-CON-0000380,noah.lopez.0@client097.example.com,Noah,Lopez,Blue Digital 97,Founder,customer,HS-COMP-000097,HS-OWN-0001,"{""source"":""Referral""}"
HS-CON-0000381,leo.morgan.1@client097.example.com,Leo,Morgan,Blue Digital 97,Founder,marketingqualifiedlead,HS-COMP-000097,HS-OWN-0001,"{""source"":""Outbound""}"
HS-CON-0000382,leo.evans.2@client097.example.com,Leo,Evans,Blue Digital 97,VP Growth,marketingqualifiedlead,HS-COMP-000097,HS-OWN-0001,"{""source"":""Outbound""}"
HS-CON-0000383,zoe.bennett.3@client097.example.com,Zoe,Bennett,Blue Digital 97,CMO,marketingqualifiedlead,HS-COMP-000097,HS-OWN-0001,"{""source"":""Referral""}"
HS-CON-0000384,owen.carter.0@client098.example.com,Owen,Carter,Prime Labs 98,Marketing Manager,customer,HS-COMP-000098,HS-OWN-0006,"{""source"":""Referral""}"
HS-CON-0000385,ella.price.1@client098.example.com,Ella,Price,Prime Labs 98,CMO,customer,HS-COMP-000098,HS-OWN-0006,"{""source"":""Inbound""}"
HS-CON-0000386,ivy.wright.0@client099.example.com,Ivy,Wright,North Health 99,CMO,marketingqualifiedlead,HS-COMP-000099,HS-OWN-0002,"{""source"":""Referral""}"
HS-CON-0000387,iris.shah.1@client099.example.com,Iris,Shah,North Health 99,VP Growth,customer,HS-COMP-000099,HS-OWN-0002,"{""source"":""Outbound""}"
HS-CON-0000388,ella.evans.2@client099.example.com,Ella,Evans,North Health 99,VP Growth,customer,HS-COMP-000099,HS-OWN-0002,"{""source"":""Inbound""}"
HS-CON-0000389,ivy.bailey.3@client099.example.com,Ivy,Bailey,North Health 99,Founder,marketingqualifiedlead,HS-COMP-000099,HS-OWN-0002,"{""source"":""Referral""}"
HS-CON-0000390,noah.kim.0@client100.example.com,Noah,Kim,Bright Labs 100,Founder,customer,HS-COMP-000100,HS-OWN-0006,"{""source"":""Inbound""}"
HS-CON-0000391,noah.shah.1@client100.example.com,Noah,Shah,Bright Labs 100,Marketing Manager,opportunity,HS-COMP-000100,HS-OWN-0006,"{""source"":""Inbound""}"
HS-CON-0000392,leo.rivera.0@client101.example.com,Leo,Rivera,Prime Digital 101,Founder,lead,HS-COMP-000101,HS-OWN-0003,"{""source"":""Inbound""}"
HS-CON-0000393,owen.clark.1@client101.example.com,Owen,Clark,Prime Digital 101,Marketing Manager,lead,HS-COMP-000101,HS-OWN-0003,"{""source"":""Outbound""}"
HS-CON-0000394,iris.lopez.0@client102.example.com,Iris,Lopez,Prime Digital 102,CMO,lead,HS-COMP-000102,HS-OWN-0004,"{""source"":""Inbound""}"
HS-CON-0000395,luna.clark.1@client102.example.com,Luna,Clark,Prime Digital 102,VP Growth,opportunity,HS-COMP-000102,HS-OWN-0004,"{""source"":""Referral""}"
HS-CON-0000396,ezra.evans.2@client102.example.com,Ezra,Evans,Prime Digital 102,Marketing Manager,customer,HS-COMP-000102,HS-OWN-0004,"{""source"":""Referral""}"
HS-CON-0000397,iris.nguyen.3@client102.example.com,Iris,Nguyen,Prime Digital 102,VP Growth,marketingqualifiedlead,HS-COMP-000102,HS-OWN-0004,"{""source"":""Referral""}"
HS-CON-0000398,owen.garcia.4@client102.example.com,Owen,Garcia,Prime Digital 102,CMO,opportunity,HS-COMP-000102,HS-OWN-0004,"{""source"":""Referral""}"
HS-CON-0000399,ruby.morgan.0@client103.example.com,Ruby,Morgan,Bright Digital 103,VP Growth,customer,HS-COMP-000103,HS-OWN-0002,"{""source"":""Outbound""}"
HS-CON-0000400,evan.price.1@client103.example.com,Evan,Price,Bright Digital 103,CMO,customer,HS-COMP-000103,HS-OWN-0002,"{""source"":""Inbound""}"
HS-CON-0000401,aria.khan.2@client103.example.com,Aria,Khan,Bright Digital 103,Founder,marketingqualifiedlead,HS-COMP-000103,HS-OWN-0002,"{""source"":""Outbound""}"
HS-CON-0000402,ezra.allen.3@client103.example.com,Ezra,Allen,Bright Digital 103,Founder,opportunity,HS-COMP-000103,HS-OWN-0002,"{""source"":""Outbound""}"
HS-CON-0000403,luna.nguyen.4@client103.example.com,Luna,Nguyen,Bright Digital 103,VP Growth,marketingqualifiedlead,HS-COMP-000103,HS-OWN-0002,"{""source"":""Referral""}"
HS-CON-0000404,noah.brooks.5@client103.example.com,Noah,Brooks,Bright Digital 103,VP Growth,lead,HS-COMP-000103,HS-OWN-0002,"{""source"":""Outbound""}"
HS-CON-0000405,aria.lopez.0@client104.example.com,Aria,Lopez,Bright Retail 104,Marketing Manager,marketingqualifiedlead,HS-COMP-000104,HS-OWN-0008,"{""source"":""Inbound""}"
HS-CON-0000406,jude.wright.1@client104.example.com,Jude,Wright,Bright Retail 104,Marketing Manager,lead,HS-COMP-000104,HS-OWN-0008,"{""source"":""Inbound""}"
HS-CON-0000407,noah.rivera.2@client104.example.com,Noah,Rivera,Bright Retail 104,CMO,lead,HS-COMP-000104,HS-OWN-0008,"{""source"":""Referral""}"
HS-CON-0000408,ella.brooks.0@client105.example.com,Ella,Brooks,Bright Labs 105,Marketing Manager,customer,HS-COMP-000105,HS-OWN-0007,"{""source"":""Inbound""}"
HS-CON-0000409,owen.bennett.1@client105.example.com,Owen,Bennett,Bright Labs 105,VP Growth,lead,HS-COMP-000105,HS-OWN-0007,"{""source"":""Inbound""}"
HS-CON-0000410,nora.brooks.2@client105.example.com,Nora,Brooks,Bright Labs 105,CMO,opportunity,HS-COMP-000105,HS-OWN-0007,"{""source"":""Referral""}"
HS-CON-0000411,jude.shah.3@client105.example.com,Jude,Shah,Bright Labs 105,Marketing Manager,opportunity,HS-COMP-000105,HS-OWN-0007,"{""source"":""Inbound""}"
HS-CON-0000412,aria.rivera.4@client105.example.com,Aria,Rivera,Bright Labs 105,VP Growth,opportunity,HS-COMP-000105,HS-OWN-0007,"{""source"":""Inbound""}"
HS-CON-0000413,ruby.carter.5@client105.example.com,Ruby,Carter,Bright Labs 105,Marketing Manager,customer,HS-COMP-000105,HS-OWN-0007,"{""source"":""Outbound""}"
HS-CON-0000414,ruby.nguyen.0@client106.example.com,Ruby,Nguyen,North Digital 106,Marketing Manager,customer,HS-COMP-000106,HS-OWN-0006,"{""source"":""Referral""}"
HS-CON-0000415,isla.parker.1@client106.example.com,Isla,Parker,North Digital 106,VP Growth,customer,HS-COMP-000106,HS-OWN-0006,"{""source"":""Referral""}"
HS-CON-0000416,aria.bailey.2@client106.example.com,Aria,Bailey,North Digital 106,CMO,customer,HS-COMP-000106,HS-OWN-0006,"{""source"":""Inbound""}"
HS-CON-0000417,aria.wright.0@client107.example.com,Aria,Wright,North Labs 107,CMO,customer,HS-COMP-000107,HS-OWN-0001,"{""source"":""Inbound""}"
HS-CON-0000418,ella.evans.1@client107.example.com,Ella,Evans,North Labs 107,Marketing Manager,marketingqualifiedlead,HS-COMP-000107,HS-OWN-0001,"{""source"":""Referral""}"
HS-CON-0000419,ella.allen.2@client107.example.com,Ella,Allen,North Labs 107,Founder,customer,HS-COMP-000107,HS-OWN-0001,"{""source"":""Inbound""}"
HS-CON-0000420,kai.evans.3@client107.example.com,Kai,Evans,North Labs 107,VP Growth,customer,HS-COMP-000107,HS-OWN-0001,"{""source"":""Outbound""}"
HS-CON-0000421,isla.reed.4@client107.example.com,Isla,Reed,North Labs 107,VP Growth,customer,HS-COMP-000107,HS-OWN-0001,"{""source"":""Outbound""}"
HS-CON-0000422,jude.price.5@client107.example.com,Jude,Price,North Labs 107,Founder,lead,HS-COMP-000107,HS-OWN-0001,"{""source"":""Inbound""}"
HS-CON-0000423,iris.parker.0@client108.example.com,Iris,Parker,Bright Health 108,Founder,customer,HS-COMP-000108,HS-OWN-0007,"{""source"":""Inbound""}"
HS-CON-0000424,leo.nguyen.1@client108.example.com,Leo,Nguyen,Bright Health 108,Marketing Manager,marketingqualifiedlead,HS-COMP-000108,HS-OWN-0007,"{""source"":""Outbound""}"
HS-CON-0000425,aria.khan.2@client108.example.com,Aria,Khan,Bright Health 108,Marketing Manager,marketingqualifiedlead,HS-COMP-000108,HS-OWN-0007,"{""source"":""Referral""}"
HS-CON-0000426,mia.garcia.3@client108.example.com,Mia,Garcia,Bright Health 108,CMO,customer,HS-COMP-000108,HS-OWN-0007,"{""source"":""Outbound""}"
HS-CON-0000427,noah.brooks.0@client109.example.com,Noah,Brooks,Nova Digital 109,VP Growth,marketingqualifiedlead,HS-COMP-000109,HS-OWN-0003,"{""source"":""Inbound""}"
HS-CON-0000428,mila.bennett.1@client109.example.com,Mila,Bennett,Nova Digital 109,Marketing Manager,marketingqualifiedlead,HS-COMP-000109,HS-OWN-0003,"{""source"":""Outbound""}"
HS-CON-0000429,leo.nguyen.2@client109.example.com,Leo,Nguyen,Nova Digital 109,CMO,opportunity,HS-COMP-000109,HS-OWN-0003,"{""source"":""Referral""}"
HS-CON-0000430,ava.nguyen.0@client110.example.com,Ava,Nguyen,Prime Labs 110,Marketing Manager,opportunity,HS-COMP-000110,HS-OWN-0004,"{""source"":""Referral""}"
HS-CON-0000431,ruby.bailey.1@client110.example.com,Ruby,Bailey,Prime Labs 110,CMO,customer,HS-COMP-000110,HS-OWN-0004,"{""source"":""Referral""}"
HS-CON-0000432,mila.nguyen.2@client110.example.com,Mila,Nguyen,Prime Labs 110,Founder,opportunity,HS-COMP-000110,HS-OWN-0004,"{""source"":""Outbound""}"
HS-CON-0000433,ezra.nguyen.3@client110.example.com,Ezra,Nguyen,Prime Labs 110,VP Growth,marketingqualifiedlead,HS-COMP-000110,HS-OWN-0004,"{""source"":""Referral""}"
HS-CON-0000434,mila.garcia.0@client111.example.com,Mila,Garcia,Blue Health 111,Founder,customer,HS-COMP-000111,HS-OWN-0002,"{""source"":""Referral""}"
HS-CON-0000435,jude.rivera.1@client111.example.com,Jude,Rivera,Blue Health 111,Marketing Manager,opportunity,HS-COMP-000111,HS-OWN-0002,"{""source"":""Inbound""}"
HS-CON-0000436,isla.patel.2@client111.example.com,Isla,Patel,Blue Health 111,CMO,marketingqualifiedlead,HS-COMP-000111,HS-OWN-0002,"{""source"":""Inbound""}"
HS-CON-0000437,noah.kim.0@client112.example.com,Noah,Kim,Bright Labs 112,CMO,opportunity,HS-COMP-000112,HS-OWN-0004,"{""source"":""Referral""}"
HS-CON-0000438,noah.bailey.1@client112.example.com,Noah,Bailey,Bright Labs 112,Founder,marketingqualifiedlead,HS-COMP-000112,HS-OWN-0004,"{""source"":""Inbound""}"
HS-CON-0000439,aria.brooks.2@client112.example.com,Aria,Brooks,Bright Labs 112,CMO,lead,HS-COMP-000112,HS-OWN-0004,"{""source"":""Outbound""}"
HS-CON-0000440,ezra.brooks.3@client112.example.com,Ezra,Brooks,Bright Labs 112,Founder,marketingqualifiedlead,HS-COMP-000112,HS-OWN-0004,"{""source"":""Outbound""}"
HS-CON-0000441,zoe.reed.0@client113.example.com,Zoe,Reed,Blue Capital 113,CMO,lead,HS-COMP-000113,HS-OWN-0005,"{""source"":""Referral""}"
HS-CON-0000442,ruby.clark.1@client113.example.com,Ruby,Clark,Blue Capital 113,Marketing Manager,opportunity,HS-COMP-000113,HS-OWN-0005,"{""source"":""Inbound""}"
HS-CON-0000443,nora.garcia.2@client113.example.com,Nora,Garcia,Blue Capital 113,Marketing Manager,customer,HS-COMP-000113,HS-OWN-0005,"{""source"":""Referral""}"
HS-CON-0000444,ava.reed.3@client113.example.com,Ava,Reed,Blue Capital 113,VP Growth,lead,HS-COMP-000113,HS-OWN-0005,"{""source"":""Referral""}"
HS-CON-0000445,liam.wright.0@client114.example.com,Liam,Wright,Blue Retail 114,Marketing Manager,lead,HS-COMP-000114,HS-OWN-0003,"{""source"":""Inbound""}"
HS-CON-0000446,ruby.morgan.1@client114.example.com,Ruby,Morgan,Blue Retail 114,VP Growth,opportunity,HS-COMP-000114,HS-OWN-0003,"{""source"":""Referral""}"
HS-CON-0000447,nora.price.0@client115.example.com,Nora,Price,Prime Labs 115,Marketing Manager,opportunity,HS-COMP-000115,HS-OWN-0008,"{""source"":""Referral""}"
HS-CON-0000448,evan.shah.1@client115.example.com,Evan,Shah,Prime Labs 115,Marketing Manager,lead,HS-COMP-000115,HS-OWN-0008,"{""source"":""Outbound""}"
HS-CON-0000449,isla.bennett.2@client115.example.com,Isla,Bennett,Prime Labs 115,VP Growth,opportunity,HS-COMP-000115,HS-OWN-0008,"{""source"":""Outbound""}"
HS-CON-0000450,ella.bennett.3@client115.example.com,Ella,Bennett,Prime Labs 115,CMO,customer,HS-COMP-000115,HS-OWN-0008,"{""source"":""Outbound""}"
HS-CON-0000451,leo.nguyen.4@client115.example.com,Leo,Nguyen,Prime Labs 115,VP Growth,marketingqualifiedlead,HS-COMP-000115,HS-OWN-0008,"{""source"":""Referral""}"
HS-CON-0000452,isla.evans.0@client116.example.com,Isla,Evans,Bright Labs 116,VP Growth,opportunity,HS-COMP-000116,HS-OWN-0006,"{""source"":""Referral""}"
HS-CON-0000453,zoe.garcia.1@client116.example.com,Zoe,Garcia,Bright Labs 116,CMO,lead,HS-COMP-000116,HS-OWN-0006,"{""source"":""Inbound""}"
HS-CON-0000454,isla.reed.2@client116.example.com,Isla,Reed,Bright Labs 116,CMO,marketingqualifiedlead,HS-COMP-000116,HS-OWN-0006,"{""source"":""Inbound""}"
HS-CON-0000455,ruby.lopez.3@client116.example.com,Ruby,Lopez,Bright Labs 116,CMO,lead,HS-COMP-000116,HS-OWN-0006,"{""source"":""Outbound""}"
HS-CON-0000456,kai.rivera.4@client116.example.com,Kai,Rivera,Bright Labs 116,VP Growth,lead,HS-COMP-000116,HS-OWN-0006,"{""source"":""Referral""}"
HS-CON-0000457,ezra.evans.5@client116.example.com,Ezra,Evans,Bright Labs 116,CMO,lead,HS-COMP-000116,HS-OWN-0006,"{""source"":""Inbound""}"
HS-CON-0000458,owen.morgan.0@client117.example.com,Owen,Morgan,Blue Retail 117,Marketing Manager,customer,HS-COMP-000117,HS-OWN-0010,"{""source"":""Outbound""}"
HS-CON-0000459,mia.price.1@client117.example.com,Mia,Price,Blue Retail 117,VP Growth,customer,HS-COMP-000117,HS-OWN-0010,"{""source"":""Outbound""}"
HS-CON-0000460,ivy.garcia.2@client117.example.com,Ivy,Garcia,Blue Retail 117,Marketing Manager,marketingqualifiedlead,HS-COMP-000117,HS-OWN-0010,"{""source"":""Outbound""}"
HS-CON-0000461,ava.patel.0@client118.example.com,Ava,Patel,North Labs 118,VP Growth,lead,HS-COMP-000118,HS-OWN-0009,"{""source"":""Outbound""}"
HS-CON-0000462,isla.clark.1@client118.example.com,Isla,Clark,North Labs 118,CMO,opportunity,HS-COMP-000118,HS-OWN-0009,"{""source"":""Inbound""}"
HS-CON-0000463,nora.allen.2@client118.example.com,Nora,Allen,North Labs 118,CMO,opportunity,HS-COMP-000118,HS-OWN-0009,"{""source"":""Outbound""}"
HS-CON-0000464,owen.bailey.3@client118.example.com,Owen,Bailey,North Labs 118,Marketing Manager,lead,HS-COMP-000118,HS-OWN-0009,"{""source"":""Inbound""}"
HS-CON-0000465,evan.wright.4@client118.example.com,Evan,Wright,North Labs 118,Marketing Manager,marketingqualifiedlead,HS-COMP-000118,HS-OWN-0009,"{""source"":""Referral""}"
HS-CON-0000466,mia.evans.0@client119.example.com,Mia,Evans,Blue Health 119,VP Growth,lead,HS-COMP-000119,HS-OWN-0003,"{""source"":""Outbound""}"
HS-CON-0000467,iris.brooks.1@client119.example.com,Iris,Brooks,Blue Health 119,CMO,lead,HS-COMP-000119,HS-OWN-0003,"{""source"":""Referral""}"
HS-CON-0000468,ella.carter.2@client119.example.com,Ella,Carter,Blue Health 119,Founder,lead,HS-COMP-000119,HS-OWN-0003,"{""source"":""Inbound""}"
HS-CON-0000469,jude.nguyen.3@client119.example.com,Jude,Nguyen,Blue Health 119,Founder,lead,HS-COMP-000119,HS-OWN-0003,"{""source"":""Referral""}"
HS-CON-0000470,owen.patel.4@client119.example.com,Owen,Patel,Blue Health 119,VP Growth,marketingqualifiedlead,HS-COMP-000119,HS-OWN-0003,"{""source"":""Referral""}"
HS-CON-0000471,owen.morgan.5@client119.example.com,Owen,Morgan,Blue Health 119,Marketing Manager,lead,HS-COMP-000119,HS-OWN-0003,"{""source"":""Outbound""}"
HS-CON-0000472,kai.price.0@client120.example.com,Kai,Price,North Labs 120,Marketing Manager,marketingqualifiedlead,HS-COMP-000120,HS-OWN-0004,"{""source"":""Inbound""}"
HS-CON-0000473,noah.shah.1@client120.example.com,Noah,Shah,North Labs 120,Founder,opportunity,HS-COMP-000120,HS-OWN-0004,"{""source"":""Outbound""}"
HS-CON-0000474,iris.khan.2@client120.example.com,Iris,Khan,North Labs 120,CMO,customer,HS-COMP-000120,HS-OWN-0004,"{""source"":""Referral""}"
HS-CON-0000475,ella.wright.3@client120.example.com,Ella,Wright,North Labs 120,Marketing Manager,opportunity,HS-COMP-000120,HS-OWN-0004,"{""source"":""Referral""}"
HS-CON-0000476,jude.nguyen.4@client120.example.com,Jude,Nguyen,North Labs 120,VP Growth,marketingqualifiedlead,HS-COMP-000120,HS-OWN-0004,"{""source"":""Referral""}"
