_dataorbit_sync_id,_dataorbit_synced_at,id,company_name,email,entity_id,subsidiary,terms,balance,category,last_modified_date,custom_fields
81c61bf6-0d87-4060-a608-487da6c3531a,2026-03-27 17:37:47,NS-CUST-000001,North Capital 1,finance@client001.example.com,HS-COMP-000001,US,Net 45,0.0,B,2026-03-08 07:48:17,"{""segment"":""Mid-Market""}"
a5190a8b-d3f6-4119-bcd3-207c490c10f2,2026-03-27 17:37:47,NS-CUST-000002,North Retail 2,finance@client002.example.com,HS-COMP-000002,US,Net 45,0.0,A,2026-01-13 15:15:19,"{""segment"":""Enterprise""}"
0a3b2c34-f396-4e9d-9fed-ed7b509162bc,2026-03-27 17:37:47,NS-CUST-000003,Bright Labs 3,finance@client003.example.com,HS-COMP-000003,APAC,Net 30,0.0,A,2025-04-01 22:54:42,"{""segment"":""Enterprise""}"
fb54fe8f-900e-4222-99c2-408f5255a210,2026-03-27 17:37:47,NS-CUST-000004,Nova Retail 4,finance@client004.example.com,HS-COMP-000004,APAC,Net 45,0.0,C,2025-09-21 09:01:56,"{""segment"":""Mid-Market""}"
17bbd9c4-5f12-4779-99c3-fabb9b3f6a18,2026-03-27 17:37:47,NS-CUST-000005,Prime Health 5,finance@client005.example.com,HS-COMP-000005,APAC,Net 30,0.0,C,2025-05-03 12:32:38,"{""segment"":""Enterprise""}"
1de00c3d-2958-42e0-90ba-1a574fe524a6,2026-03-27 17:37:47,NS-CUST-000006,Blue Digital 6,finance@client006.example.com,HS-COMP-000006,APAC,Net 15,0.0,B,2025-06-09 09:50:58,"{""segment"":""Enterprise""}"
951fb920-04ae-43a1-b65b-74b1a6a6e528,2026-03-27 17:37:47,NS-CUST-000007,Nova Retail 7,finance@client007.example.com,HS-COMP-000007,APAC,Net 15,0.0,B,2025-08-16 03:33:55,"{""segment"":""SMB""}"
206c15bd-0763-4755-82ab-13b5ad7fadb3,2026-03-27 17:37:47,NS-CUST-000008,North Digital 8,finance@client008.example.com,HS-COMP-000008,US,Net 45,0.0,A,2025-12-29 03:56:21,"{""segment"":""Enterprise""}"
23b85fe1-c1dc-4e1b-b19b-74cfd50ae410,2026-03-27 17:37:47,NS-CUST-000009,North Retail 9,finance@client009.example.com,HS-COMP-000009,APAC,Net 45,0.0,A,2025-09-20 03:31:52,"{""segment"":""Mid-Market""}"
c0d5751a-dfbc-4de4-b1e4-afe799ef52f7,2026-03-27 17:37:47,NS-CUST-000010,Nova Capital 10,finance@client010.example.com,HS-COMP-000010,APAC,Net 15,0.0,A,2025-12-30 17:34:48,"{""segment"":""Mid-Market""}"
558c8413-2a53-41aa-acc2-05a29e08f8d4,2026-03-27 17:37:47,NS-CUST-000011,Prime Capital 11,finance@client011.example.com,HS-COMP-000011,APAC,Net 45,0.0,C,2025-09-28 05:12:43,"{""segment"":""Enterprise""}"
4c8ec8e9-aa60-4c2f-83e2-0322e2d8b894,2026-03-27 17:37:47,NS-CUST-000012,Bright Labs 12,finance@client012.example.com,HS-COMP-000012,EMEA,Net 15,0.0,A,2025-10-21 14:43:51,"{""segment"":""Mid-Market""}"
10e94b1b-1b7c-4813-96d1-68360e3eec9c,2026-03-27 17:37:47,NS-CUST-000013,North Digital 13,finance@client013.example.com,HS-COMP-000013,APAC,Net 60,0.0,A,2025-10-12 02:53:53,"{""segment"":""Mid-Market""}"
e557d08a-fded-4ca8-8fff-2d858a53bbea,2026-03-27 17:37:47,NS-CUST-000014,Blue Digital 14,finance@client014.example.com,HS-COMP-000014,APAC,Net 15,0.0,B,2025-05-10 21:01:09,"{""segment"":""Mid-Market""}"
e5c49a19-a0f7-4a55-880e-91471329d0da,2026-03-27 17:37:47,NS-CUST-000015,Blue Labs 15,finance@client015.example.com,HS-COMP-000015,APAC,Net 15,0.0,A,2025-08-30 12:33:36,"{""segment"":""SMB""}"
44742d5c-07bb-4ed3-bb65-33598e08fb91,2026-03-27 17:37:47,NS-CUST-000016,Nova Retail 16,finance@client016.example.com,HS-COMP-000016,APAC,Net 60,0.0,C,2026-03-08 22:05:11,"{""segment"":""Enterprise""}"
fd27d456-ddb1-43e0-8238-b3f321fe25e3,2026-03-27 17:37:47,NS-CUST-000017,Prime Health 17,finance@client017.example.com,HS-COMP-000017,US,Net 15,0.0,A,2026-03-26 02:31:07,"{""segment"":""Enterprise""}"
5e78c9d3-f9d4-4905-99d7-460c03cc822d,2026-03-27 17:37:47,NS-CUST-000018,North Digital 18,finance@client018.example.com,HS-COMP-000018,EMEA,Net 45,0.0,B,2024-11-06 23:49:15,"{""segment"":""Mid-Market""}"
13ec9da2-929a-4291-bd46-4773c1c79b78,2026-03-27 17:37:47,NS-CUST-000019,Bright Labs 19,finance@client019.example.com,HS-COMP-000019,APAC,Net 30,0.0,A,2025-08-22 18:59:04,"{""segment"":""Mid-Market""}"
7652506a-3c15-45fb-84d8-01ba08ece552,2026-03-27 17:37:47,NS-CUST-000020,Nova Capital 20,finance@client020.example.com,HS-COMP-000020,APAC,Net 45,0.0,B,2025-11-02 23:20:31,"{""segment"":""Enterprise""}"
e822aa24-4e40-4193-96d2-283e5309fde7,2026-03-27 17:37:47,NS-CUST-000021,Prime Labs 21,finance@client021.example.com,HS-COMP-000021,EMEA,Net 30,0.0,C,2025-11-04 20:52:46,"{""segment"":""Mid-Market""}"
c454de5b-d374-4725-8eae-add57b75afa3,2026-03-27 17:37:47,NS-CUST-000022,Nova Capital 22,finance@client022.example.com,HS-COMP-000022,US,Net 45,0.0,B,2025-12-19 05:46:46,"{""segment"":""SMB""}"
e53d7d32-bb60-44f8-8980-b3d1b8ece538,2026-03-27 17:37:47,NS-CUST-000023,Blue Labs 23,finance@client023.example.com,HS-COMP-000023,APAC,Net 45,0.0,A,2025-06-27 02:00:24,"{""segment"":""SMB""}"
97f54c8a-fddd-439b-b17f-e5621c8349f7,2026-03-27 17:37:47,NS-CUST-000024,North Capital 24,finance@client024.example.com,HS-COMP-000024,EMEA,Net 60,0.0,C,2025-12-18 22:43:00,"{""segment"":""SMB""}"
626a8f3c-931d-4000-8db6-e5b963d106af,2026-03-27 17:37:47,NS-CUST-000025,Nova Capital 25,finance@client025.example.com,HS-COMP-000025,US,Net 60,0.0,C,2025-10-08 03:20:36,"{""segment"":""Enterprise""}"
6ef82223-9be0-46db-a834-9da47313f370,2026-03-27 17:37:47,NS-CUST-000026,Blue Digital 26,finance@client026.example.com,HS-COMP-000026,APAC,Net 30,0.0,B,2026-01-17 03:57:30,"{""segment"":""SMB""}"
36e03c01-40fe-40cd-9579-b1735228ecb7,2026-03-27 17:37:47,NS-CUST-000027,North Capital 27,finance@client027.example.com,HS-COMP-000027,APAC,Net 30,0.0,B,2026-03-21 05:11:27,"{""segment"":""Mid-Market""}"
3701a45e-d9f1-49c1-9c15-ac509753ca1d,2026-03-27 17:37:47,NS-CUST-000028,Nova Digital 28,finance@client028.example.com,HS-COMP-000028,APAC,Net 45,0.0,B,2025-07-17 22:41:20,"{""segment"":""Enterprise""}"
6b65f2bd-3243-40c6-bb8b-36066d578285,2026-03-27 17:37:47,NS-CUST-000029,Bright Capital 29,finance@client029.example.com,HS-COMP-000029,US,Net 30,0.0,C,2025-12-05 00:36:55,"{""segment"":""SMB""}"
8bc11ee7-9a29-486f-ab50-7e748f5d6569,2026-03-27 17:37:47,NS-CUST-000030,Nova Health 30,finance@client030.example.com,HS-COMP-000030,APAC,Net 30,0.0,A,2026-02-26 20:21:29,"{""segment"":""Mid-Market""}"
65ff975f-f0f4-487c-b46b-354befc737bf,2026-03-27 17:37:47,NS-CUST-000031,Bright Digital 31,finance@client031.example.com,HS-COMP-000031,APAC,Net 30,0.0,B,2025-08-18 02:39:50,"{""segment"":""SMB""}"
a6b3e173-d8dd-4b06-a381-516351a8822b,2026-03-27 17:37:47,NS-CUST-000032,North Health 32,finance@client032.example.com,HS-COMP-000032,APAC,Net 30,0.0,B,2026-02-14 05:52:18,"{""segment"":""SMB""}"
c3a425dc-d69f-4936-8535-c9ea84504db6,2026-03-27 17:37:47,NS-CUST-000033,Bright Digital 33,finance@client033.example.com,HS-COMP-000033,APAC,Net 15,0.0,A,2026-02-14 08:47:32,"{""segment"":""Mid-Market""}"
b79238b3-cd60-4214-bbdc-c9782c808583,2026-03-27 17:37:47,NS-CUST-000034,North Health 34,finance@client034.example.com,HS-COMP-000034,US,Net 15,0.0,B,2026-01-13 21:33:39,"{""segment"":""Mid-Market""}"
882c6e95-fd83-4715-8482-8025e6f1fe17,2026-03-27 17:37:47,NS-CUST-000035,North Digital 35,finance@client035.example.com,HS-COMP-000035,EMEA,Net 45,0.0,B,2024-06-30 03:21:58,"{""segment"":""Enterprise""}"
ba691dc3-75e7-4ec8-b4a5-ea052b1ecf89,2026-03-27 17:37:47,NS-CUST-000036,Bright Retail 36,finance@client036.example.com,HS-COMP-000036,APAC,Net 45,0.0,A,2024-08-06 05:07:58,"{""segment"":""SMB""}"
b349eea7-46eb-4edb-8838-f90fdd14af30,2026-03-27 17:37:47,NS-CUST-000037,North Retail 37,finance@client037.example.com,HS-COMP-000037,US,Net 30,0.0,A,2026-03-26 22:12:33,"{""segment"":""SMB""}"
413437b5-73ad-48f9-8bf4-b9fdd53dbeaa,2026-03-27 17:37:47,NS-CUST-000038,North Health 38,finance@client038.example.com,HS-COMP-000038,APAC,Net 45,0.0,C,2024-09-02 07:12:21,"{""segment"":""Enterprise""}"
ec31ba58-263a-46fe-92db-28bdffa92646,2026-03-27 17:37:47,NS-CUST-000039,Bright Health 39,finance@client039.example.com,HS-COMP-000039,APAC,Net 30,0.0,C,2026-03-10 07:45:18,"{""segment"":""SMB""}"
f0a8b028-adc6-4e60-a471-595d0b5d7b92,2026-03-27 17:37:47,NS-CUST-000040,Bright Health 40,finance@client040.example.com,HS-COMP-000040,US,Net 15,0.0,B,2025-11-05 09:38:24,"{""segment"":""SMB""}"
fe257a5c-2d51-4740-8bd0-6f78e8256cf4,2026-03-27 17:37:47,NS-CUST-000041,North Digital 41,finance@client041.example.com,HS-COMP-000041,APAC,Net 60,0.0,A,2024-12-31 09:13:18,"{""segment"":""Enterprise""}"
4cd4beeb-8a5a-4b29-b67f-a2fabee9415d,2026-03-27 17:37:47,NS-CUST-000042,Nova Digital 42,finance@client042.example.com,HS-COMP-000042,APAC,Net 60,0.0,C,2025-11-23 18:33:36,"{""segment"":""Enterprise""}"
d3f7e84b-e128-4c31-8585-e626348c270d,2026-03-27 17:37:47,NS-CUST-000043,North Health 43,finance@client043.example.com,HS-COMP-000043,EMEA,Net 30,0.0,B,2025-12-22 22:31:13,"{""segment"":""Mid-Market""}"
fe7833be-985e-4b20-a98f-c19e0e3dc88f,2026-03-27 17:37:47,NS-CUST-000044,Bright Capital 44,finance@client044.example.com,HS-COMP-000044,EMEA,Net 30,0.0,A,2025-10-12 09:39:37,"{""segment"":""SMB""}"
3fb9f369-c406-4cf9-82dd-06b0ad59f195,2026-03-27 17:37:47,NS-CUST-000045,North Digital 45,finance@client045.example.com,HS-COMP-000045,US,Net 15,0.0,B,2025-07-16 07:28:32,"{""segment"":""SMB""}"
a03a9c9e-5454-4adf-84cb-ce27009db938,2026-03-27 17:37:47,NS-CUST-000046,Nova Health 46,finance@client046.example.com,HS-COMP-000046,EMEA,Net 60,0.0,A,2025-06-29 14:43:42,"{""segment"":""Enterprise""}"
46fa1172-c2e2-4571-b6ab-d2cd9a66bbc1,2026-03-27 17:37:47,NS-CUST-000047,Bright Digital 47,finance@client047.example.com,HS-COMP-000047,APAC,Net 30,0.0,A,2025-10-29 13:01:06,"{""segment"":""SMB""}"
a499a560-3008-4807-96e5-6ab090f72b7b,2026-03-27 17:37:47,NS-CUST-000048,Blue Labs 48,finance@client048.example.com,HS-COMP-000048,US,Net 60,0.0,C,2025-12-30 20:46:08,"{""segment"":""Mid-Market""}"
957a3182-e756-4697-b5fa-6c842f13b31f,2026-03-27 17:37:47,NS-CUST-000049,Prime Retail 49,finance@client049.example.com,HS-COMP-000049,APAC,Net 45,0.0,B,2025-07-13 15:54:19,"{""segment"":""SMB""}"
c09bbaa3-02c5-458a-8bb6-50ffc71b05a2,2026-03-27 17:37:47,NS-CUST-000050,Nova Capital 50,finance@client050.example.com,HS-COMP-000050,EMEA,Net 60,0.0,A,2025-08-09 22:25:25,"{""segment"":""Enterprise""}"
27dc5693-09f9-4810-b05b-76b375af6887,2026-03-27 17:37:47,NS-CUST-000051,Nova Digital 51,finance@client051.example.com,HS-COMP-000051,APAC,Net 60,0.0,C,2025-06-19 12:58:58,"{""segment"":""Mid-Market""}"
ff3b5eac-f99a-4094-b967-770ad3e3fd0a,2026-03-27 17:37:47,NS-CUST-000052,Prime Retail 52,finance@client052.example.com,HS-COMP-000052,EMEA,Net 15,0.0,C,2026-03-15 02:12:08,"{""segment"":""SMB""}"
b1f090cc-6925-4bef-b4f3-364a7ff2c6c6,2026-03-27 17:37:47,NS-CUST-000053,Prime Retail 53,finance@client053.example.com,HS-COMP-000053,EMEA,Net 60,0.0,A,2026-03-11 23:40:02,"{""segment"":""SMB""}"
14cca3a3-56fe-40df-9d65-412f38066415,2026-03-27 17:37:47,NS-CUST-000054,Blue Retail 54,finance@client054.example.com,HS-COMP-000054,APAC,Net 60,0.0,C,2025-05-05 19:15:55,"{""segment"":""SMB""}"
88a52863-a019-4ef4-a9f6-9826a0904bb0,2026-03-27 17:37:47,NS-CUST-000055,Nova Capital 55,finance@client055.example.com,HS-COMP-000055,APAC,Net 60,0.0,C,2025-11-07 23:19:46,"{""segment"":""Enterprise""}"
79fb297f-bc31-4443-b3b7-3f14da2438b3,2026-03-27 17:37:47,NS-CUST-000056,Nova Capital 56,finance@client056.example.com,HS-COMP-000056,US,Net 30,0.0,B,2025-12-16 14:02:47,"{""segment"":""Mid-Market""}"
3affa93a-605c-45b5-bed9-3d94ce0d4c2e,2026-03-27 17:37:47,NS-CUST-000057,Nova Retail 57,finance@client057.example.com,HS-COMP-000057,EMEA,Net 45,0.0,B,2026-03-01 07:26:34,"{""segment"":""Mid-Market""}"
41bcd929-0c0f-4533-922e-eb7a8daf245a,2026-03-27 17:37:47,NS-CUST-000058,North Capital 58,finance@client058.example.com,HS-COMP-000058,US,Net 60,0.0,B,2025-02-15 07:30:54,"{""segment"":""Enterprise""}"
26f7897b-6bfd-4481-9bfb-ac63aceff3e0,2026-03-27 17:37:47,NS-CUST-000059,North Capital 59,finance@client059.example.com,HS-COMP-000059,US,Net 30,0.0,B,2026-02-21 14:15:51,"{""segment"":""Enterprise""}"
9de4d9b3-759e-4610-b40d-5fd0c962d0be,2026-03-27 17:37:47,NS-CUST-000060,Bright Capital 60,finance@client060.example.com,HS-COMP-000060,EMEA,Net 15,0.0,C,2025-08-27 07:28:23,"{""segment"":""Enterprise""}"
a1606a2d-fa17-49f8-8d0e-5f3462ca4d75,2026-03-27 17:37:47,NS-CUST-000061,Blue Labs 61,finance@client061.example.com,HS-COMP-000061,US,Net 30,0.0,C,2025-06-09 22:36:08,"{""segment"":""Enterprise""}"
8aba9189-0a34-4fcb-a9e6-5ff4c54a3ba7,2026-03-27 17:37:47,NS-CUST-000062,Nova Retail 62,finance@client062.example.com,HS-COMP-000062,APAC,Net 30,0.0,B,2025-01-25 09:02:33,"{""segment"":""Mid-Market""}"
5f22ec0a-03f2-45f0-b17f-d62c299cdedd,2026-03-27 17:37:47,NS-CUST-000063,Nova Labs 63,finance@client063.example.com,HS-COMP-000063,EMEA,Net 60,0.0,A,2025-08-25 21:04:01,"{""segment"":""SMB""}"
5d5c09c9-680e-4e6e-ab05-004e285a399a,2026-03-27 17:37:47,NS-CUST-000064,Blue Health 64,finance@client064.example.com,HS-COMP-000064,EMEA,Net 30,0.0,B,2025-08-28 15:48:38,"{""segment"":""SMB""}"
1e6a81d5-ec53-4721-a3e2-d77f6591d554,2026-03-27 17:37:47,NS-CUST-000065,Bright Labs 65,finance@client065.example.com,HS-COMP-000065,EMEA,Net 45,0.0,C,2025-06-26 06:10:08,"{""segment"":""Enterprise""}"
e3890c27-0c6d-4f55-b0fd-10877ce568fb,2026-03-27 17:37:47,NS-CUST-000066,Prime Retail 66,finance@client066.example.com,HS-COMP-000066,APAC,Net 30,0.0,C,2026-03-04 18:06:50,"{""segment"":""Enterprise""}"
5d9fc66c-5ab2-4954-abfd-f9c5ac74bd73,2026-03-27 17:37:47,NS-CUST-000067,Nova Health 67,finance@client067.example.com,HS-COMP-000067,US,Net 15,0.0,A,2026-02-13 03:12:11,"{""segment"":""Enterprise""}"
d18f7a63-80db-4818-afe5-6f24a9e92b92,2026-03-27 17:37:47,NS-CUST-000068,Nova Capital 68,finance@client068.example.com,HS-COMP-000068,EMEA,Net 45,0.0,A,2026-03-04 09:38:54,"{""segment"":""Enterprise""}"
be383a29-6e91-435d-b0ee-9285ada1f488,2026-03-27 17:37:47,NS-CUST-000069,Bright Health 69,finance@client069.example.com,HS-COMP-000069,APAC,Net 60,0.0,C,2025-08-29 15:57:35,"{""segment"":""Enterprise""}"
e4de6570-a630-4829-b0df-b431a2671224,2026-03-27 17:37:47,NS-CUST-000070,North Capital 70,finance@client070.example.com,HS-COMP-000070,APAC,Net 30,0.0,B,2024-12-06 16:46:25,"{""segment"":""Enterprise""}"
1d33e935-828d-4ca4-84dc-a90693b67b94,2026-03-27 17:37:47,NS-CUST-000071,Bright Digital 71,finance@client071.example.com,HS-COMP-000071,EMEA,Net 15,0.0,A,2025-01-22 13:13:06,"{""segment"":""Mid-Market""}"
f80c4416-bb05-41de-aaf3-71e39895f319,2026-03-27 17:37:47,NS-CUST-000072,Bright Health 72,finance@client072.example.com,HS-COMP-000072,APAC,Net 30,0.0,A,2026-02-11 23:52:12,"{""segment"":""SMB""}"
0fe99733-c8ee-4f00-96c7-454077515516,2026-03-27 17:37:47,NS-CUST-000073,North Retail 73,finance@client073.example.com,HS-COMP-000073,US,Net 15,0.0,B,2025-04-26 09:54:04,"{""segment"":""Mid-Market""}"
f8a2d546-8712-4d00-97cd-05cd800a3f0f,2026-03-27 17:37:47,NS-CUST-000074,North Health 74,finance@client074.example.com,HS-COMP-000074,EMEA,Net 60,0.0,B,2026-02-18 01:55:01,"{""segment"":""Enterprise""}"
2fa280ae-4bb7-48f4-be14-3d4ade91902c,2026-03-27 17:37:47,NS-CUST-000075,Blue Digital 75,finance@client075.example.com,HS-COMP-000075,US,Net 15,0.0,A,2025-10-09 15:47:43,"{""segment"":""SMB""}"
68a6477d-90e0-4b08-baf5-9eaba873c685,2026-03-27 17:37:47,NS-CUST-000076,Prime Health 76,finance@client076.example.com,HS-COMP-000076,US,Net 45,0.0,A,2026-02-04 18:53:06,"{""segment"":""Mid-Market""}"
2a6aa6f8-03c5-4544-b1e6-0d66a728d618,2026-03-27 17:37:47,NS-CUST-000077,Nova Labs 77,finance@client077.example.com,HS-COMP-000077,EMEA,Net 60,0.0,C,2026-03-24 21:42:52,"{""segment"":""SMB""}"
2870a0db-5b3e-435e-8889-aef5be932ef4,2026-03-27 17:37:47,NS-CUST-000078,North Digital 78,finance@client078.example.com,HS-COMP-000078,APAC,Net 60,0.0,A,2025-09-04 04:57:43,"{""segment"":""SMB""}"
9283ff0f-13bf-4bf4-bd57-53058e245ed6,2026-03-27 17:37:47,NS-CUST-000079,Blue Retail 79,finance@client079.example.com,HS-COMP-000079,APAC,Net 60,0.0,B,2025-10-19 00:17:51,"{""segment"":""Mid-Market""}"
6c361877-7621-4afa-80cf-75a9e94fa879,2026-03-27 17:37:47,NS-CUST-000080,Blue Capital 80,finance@client080.example.com,HS-COMP-000080,EMEA,Net 15,0.0,C,2025-01-30 00:47:49,"{""segment"":""Enterprise""}"
f18aedc6-bfbd-41c9-aa1c-0d8d0d65f1e1,2026-03-27 17:37:47,NS-CUST-000081,Blue Retail 81,finance@client081.example.com,HS-COMP-000081,US,Net 30,0.0,C,2025-05-05 07:19:25,"{""segment"":""Mid-Market""}"
8074425b-304d-430d-a1e0-4fa10465e0eb,2026-03-27 17:37:47,NS-CUST-000082,North Labs 82,finance@client082.example.com,HS-COMP-000082,APAC,Net 30,0.0,A,2025-08-21 20:35:36,"{""segment"":""SMB""}"
37a493d2-53fa-4418-b2e0-3b302af43f2b,2026-03-27 17:37:47,NS-CUST-000083,Bright Capital 83,finance@client083.example.com,HS-COMP-000083,US,Net 15,0.0,C,2026-02-21 04:55:51,"{""segment"":""Mid-Market""}"
6679bc1b-d900-4839-9d03-1e294e3b3f06,2026-03-27 17:37:47,NS-CUST-000084,Bright Labs 84,finance@client084.example.com,HS-COMP-000084,US,Net 30,0.0,A,2025-07-20 17:22:13,"{""segment"":""Enterprise""}"
6a87867d-f590-468c-a8c9-85b3ab2865da,2026-03-27 17:37:47,NS-CUST-000085,Blue Retail 85,finance@client085.example.com,HS-COMP-000085,APAC,Net 45,0.0,B,2025-11-27 20:31:10,"{""segment"":""SMB""}"
a9b0adc8-63e1-4b54-82eb-9ccc68f9c0e6,2026-03-27 17:37:47,NS-CUST-000086,Prime Health 86,finance@client086.example.com,HS-COMP-000086,US,Net 15,0.0,B,2025-12-11 15:42:26,"{""segment"":""SMB""}"
1530d1ba-bd92-4c3e-bcd0-3c0031a7f73c,2026-03-27 17:37:47,NS-CUST-000087,Bright Capital 87,finance@client087.example.com,HS-COMP-000087,US,Net 45,0.0,C,2026-02-07 13:40:56,"{""segment"":""Enterprise""}"
e7208529-cf41-4810-8b18-3a1a550280a9,2026-03-27 17:37:47,NS-CUST-000088,Nova Labs 88,finance@client088.example.com,HS-COMP-000088,APAC,Net 30,0.0,B,2025-02-03 10:12:28,"{""segment"":""Enterprise""}"
492f529e-7a28-4c3a-998b-a87ade0f722d,2026-03-27 17:37:47,NS-CUST-000089,Prime Labs 89,finance@client089.example.com,HS-COMP-000089,APAC,Net 45,0.0,A,2025-09-27 02:49:56,"{""segment"":""SMB""}"
25a00e8b-01ec-49ad-a353-228acbba1e5f,2026-03-27 17:37:47,NS-CUST-000090,Nova Retail 90,finance@client090.example.com,HS-COMP-000090,EMEA,Net 45,0.0,B,2026-03-15 19:19:14,"{""segment"":""Mid-Market""}"
267a19cc-41ed-42ed-b204-850e6193efa3,2026-03-27 17:37:47,NS-CUST-000091,Prime Labs 91,finance@client091.example.com,HS-COMP-000091,US,Net 60,0.0,C,2025-11-05 03:05:26,"{""segment"":""SMB""}"
9bac785c-ff1d-4280-bf62-60b36f6cebe2,2026-03-27 17:37:47,NS-CUST-000092,Prime Retail 92,finance@client092.example.com,HS-COMP-000092,EMEA,Net 60,0.0,A,2026-01-25 22:36:15,"{""segment"":""SMB""}"
bc8527c9-d1e0-4edb-bf86-f71d53c14cb5,2026-03-27 17:37:47,NS-CUST-000093,Blue Health 93,finance@client093.example.com,HS-COMP-000093,APAC,Net 45,0.0,B,2025-12-01 08:04:21,"{""segment"":""Enterprise""}"
db1249b8-4dd2-4714-82ff-1c126a50729f,2026-03-27 17:37:47,NS-CUST-000094,Nova Capital 94,finance@client094.example.com,HS-COMP-000094,EMEA,Net 30,0.0,C,2024-10-23 05:54:31,"{""segment"":""SMB""}"
9ac93b95-c681-4c86-aad8-0ef9a86db815,2026-03-27 17:37:47,NS-CUST-000095,Prime Health 95,finance@client095.example.com,HS-COMP-000095,APAC,Net 15,0.0,A,2025-09-05 00:20:09,"{""segment"":""Enterprise""}"
d20f0105-8c8e-4ac1-8dd5-08d181e18ab3,2026-03-27 17:37:47,NS-CUST-000096,Prime Capital 96,finance@client096.example.com,HS-COMP-000096,APAC,Net 15,0.0,B,2025-08-10 04:57:07,"{""segment"":""Enterprise""}"
dcbc512c-10a0-472a-98cd-7e0575579a43,2026-03-27 17:37:47,NS-CUST-000097,Blue Digital 97,finance@client097.example.com,HS-COMP-000097,APAC,Net 45,0.0,B,2025-12-07 01:53:44,"{""segment"":""Enterprise""}"
61987635-09bf-4166-92af-f6b808a0cb46,2026-03-27 17:37:47,NS-CUST-000098,Prime Labs 98,finance@client098.example.com,HS-COMP-000098,EMEA,Net 45,0.0,C,2025-05-24 12:28:05,"{""segment"":""Enterprise""}"
5050d78f-41b3-4d75-9173-d8a344446967,2026-03-27 17:37:47,NS-CUST-000099,North Health 99,finance@client099.example.com,HS-COMP-000099,APAC,Net 45,0.0,A,2025-12-12 16:37:18,"{""segment"":""Enterprise""}"
ae6fca70-4624-4ef0-abef-29720698cf2b,2026-03-27 17:37:47,NS-CUST-000100,Bright Labs 100,finance@client100.example.com,HS-COMP-000100,APAC,Net 60,0.0,C,2026-03-13 21:37:10,"{""segment"":""Enterprise""}"
150b569d-e4d3-437c-9488-5d96b143a644,2026-03-27 17:37:47,NS-CUST-000101,Prime Digital 101,finance@client101.example.com,HS-COMP-000101,APAC,Net 60,0.0,B,2025-10-18 07:24:53,"{""segment"":""SMB""}"
737ba2a3-2834-4477-b041-c9d2c3eeffed,2026-03-27 17:37:47,NS-CUST-000102,Prime Digital 102,finance@client102.example.com,HS-COMP-000102,APAC,Net 30,0.0,C,2025-09-13 11:27:24,"{""segment"":""Mid-Market""}"
1c2b0fff-809d-4ce7-ad86-75f948fdf09a,2026-03-27 17:37:47,NS-CUST-000103,Bright Digital 103,finance@client103.example.com,HS-COMP-000103,US,Net 15,0.0,A,2025-06-26 20:27:43,"{""segment"":""SMB""}"
8b6de890-b389-4f61-a894-0ab995c406e7,2026-03-27 17:37:47,NS-CUST-000104,Bright Retail 104,finance@client104.example.com,HS-COMP-000104,EMEA,Net 15,0.0,C,2026-03-26 08:56:58,"{""segment"":""SMB""}"
63deb509-f21d-4549-b120-36b9c47324aa,2026-03-27 17:37:47,NS-CUST-000105,Bright Labs 105,finance@client105.example.com,HS-COMP-000105,APAC,Net 60,0.0,B,2025-10-23 18:15:32,"{""segment"":""SMB""}"
92554826-169e-4d3e-b7e1-3013e725e9f5,2026-03-27 17:37:47,NS-CUST-000106,North Digital 106,finance@client106.example.com,HS-COMP-000106,EMEA,Net 45,0.0,C,2026-02-02 09:56:09,"{""segment"":""Enterprise""}"
92195920-7386-472f-ae69-95475dd0838a,2026-03-27 17:37:47,NS-CUST-000107,North Labs 107,finance@client107.example.com,HS-COMP-000107,US,Net 15,0.0,C,2025-12-17 16:11:48,"{""segment"":""SMB""}"
9b7240e8-f759-4a84-8354-be97147e34b7,2026-03-27 17:37:47,NS-CUST-000108,Bright Health 108,finance@client108.example.com,HS-COMP-000108,APAC,Net 45,0.0,B,2025-07-16 19:37:41,"{""segment"":""SMB""}"
a337fb4c-c7f8-420f-8fa0-715b86641b67,2026-03-27 17:37:47,NS-CUST-000109,Nova Digital 109,finance@client109.example.com,HS-COMP-000109,EMEA,Net 45,0.0,C,2026-03-11 06:55:41,"{""segment"":""Enterprise""}"
70594f39-c782-4b23-9fb4-0b500ad42a6a,2026-03-27 17:37:47,NS-CUST-000110,Prime Labs 110,finance@client110.example.com,HS-COMP-000110,EMEA,Net 15,0.0,A,2026-02-09 11:07:24,"{""segment"":""Enterprise""}"
62c8f69b-8a97-46a1-80bd-1bbb4f597a4e,2026-03-27 17:37:47,NS-CUST-000111,Blue Health 111,finance@client111.example.com,HS-COMP-000111,EMEA,Net 45,0.0,B,2026-03-08 18:04:55,"{""segment"":""Enterprise""}"
a7d42860-8b39-4abd-8ba0-6835e95f6461,2026-03-27 17:37:47,NS-CUST-000112,Bright Labs 112,finance@client112.example.com,HS-COMP-000112,APAC,Net 15,0.0,A,2026-03-10 01:33:10,"{""segment"":""SMB""}"
62a81b8e-79fb-4433-ac53-cef0ca753ef5,2026-03-27 17:37:47,NS-CUST-000113,Blue Capital 113,finance@client113.example.com,HS-COMP-000113,EMEA,Net 45,0.0,C,2026-03-11 19:02:55,"{""segment"":""Mid-Market""}"
74abb5c5-b1b0-48d7-8de2-860942b5c298,2026-03-27 17:37:47,NS-CUST-000114,Blue Retail 114,finance@client114.example.com,HS-COMP-000114,EMEA,Net 15,0.0,C,2024-05-30 20:38:22,"{""segment"":""SMB""}"
68294360-0643-43e8-9ed5-190bd3dac2a3,2026-03-27 17:37:47,NS-CUST-000115,Prime Labs 115,finance@client115.example.com,HS-COMP-000115,EMEA,Net 30,0.0,C,2026-02-09 06:56:35,"{""segment"":""Mid-Market""}"
0a8a6262-72a2-41d9-a245-b5d51ad0039c,2026-03-27 17:37:47,NS-CUST-000116,Bright Labs 116,finance@client116.example.com,HS-COMP-000116,APAC,Net 45,0.0,B,2025-11-25 20:11:19,"{""segment"":""Mid-Market""}"
1f25e645-21c4-43e8-9dce-90e22a45efef,2026-03-27 17:37:47,NS-CUST-000117,Blue Retail 117,finance@client117.example.com,HS-COMP-000117,APAC,Net 15,0.0,C,2025-09-02 06:17:36,"{""segment"":""Mid-Market""}"
1f8b9852-22ae-40e2-9aca-9557bdb6ed67,2026-03-27 17:37:47,NS-CUST-000118,North Labs 118,finance@client118.example.com,HS-COMP-000118,APAC,Net 45,0.0,C,2026-02-01 14:48:33,"{""segment"":""Enterprise""}"
bfe1e874-cfb5-41c0-8db5-041bb913433b,2026-03-27 17:37:47,NS-CUST-000119,Blue Health 119,finance@client119.example.com,HS-COMP-000119,US,Net 30,0.0,C,2025-03-11 10:39:52,"{""segment"":""Enterprise""}"
19c3248b-0498-41ff-b9b1-9d48325a70ee,2026-03-27 17:37:47,NS-CUST-000120,North Labs 120,finance@client120.example.com,HS-COMP-000120,EMEA,Net 45,0.0,A,2025-02-20 23:01:28,"{""segment"":""SMB""}"
