_dataorbit_sync_id,_dataorbit_synced_at,_dataorbit_is_deleted,hs_object_id,name,domain,industry,hubspot_owner_id,createdate,hs_lastmodifieddate,properties
9926dc96-0905-4090-bce5-0316440e838b,2026-03-27 17:33:21,False,HS-COMP-000001,North Capital 1,client001.example.com,EdTech,HS-OWN-0005,2024-08-29 04:09:29,2026-03-08 07:43:51,"{""service_line_tags"":[""Analytics""],""contract_type"":""Hybrid"",""retainer_value"":18279.81,""renewal_date"":""2025-08-29""}"
647eca7d-bce2-405e-a228-6c6a0a063b0d,2026-03-27 17:33:21,False,HS-COMP-000002,North Retail 2,client002.example.com,E-commerce,HS-OWN-0006,2025-12-13 15:06:55,2026-01-13 15:10:53,"{""service_line_tags"":[""SEO""],""contract_type"":""Hybrid"",""retainer_value"":12008.82,""renewal_date"":""2026-12-13""}"
c1cbc6de-86aa-4528-9b67-b73d66409e88,2026-03-27 17:33:21,False,HS-COMP-000003,Bright Labs 3,client003.example.com,Real Estate,HS-OWN-0008,2025-01-16 19:54:50,2025-04-01 22:50:16,"{""service_line_tags"":[""SEO"",""Web Dev"",""Analytics""],""contract_type"":""Project"",""retainer_value"":21568.62,""renewal_date"":""2027-01-16""}"
da424f69-0420-4a80-8828-8e75dbce3ea5,2026-03-27 17:33:21,False,HS-COMP-000004,Nova Retail 4,client004.example.com,Real Estate,HS-OWN-0002,2025-05-30 12:20:20,2025-09-21 08:57:30,"{""service_line_tags"":[""Social""],""contract_type"":""Hybrid"",""retainer_value"":16416.69,""renewal_date"":""2026-05-30""}"
4c2bdd31-4840-4f11-99da-27abe1c51763,2026-03-27 17:33:21,False,HS-COMP-000005,Prime Health 5,client005.example.com,FinTech,HS-OWN-0006,2024-09-20 17:53:15,2025-05-03 12:28:12,"{""service_line_tags"":[""Content""],""contract_type"":""Retainer"",""retainer_value"":21744.65,""renewal_date"":""2025-03-19""}"
4705ab60-886b-409b-8938-6912731115ec,2026-03-27 17:33:21,False,HS-COMP-000006,Blue Digital 6,client006.example.com,Real Estate,HS-OWN-0003,2024-12-28 16:16:54,2025-06-09 09:46:32,"{""service_line_tags"":[""Social"",""Paid Media"",""Analytics""],""contract_type"":""Hybrid"",""retainer_value"":8507.0,""renewal_date"":""2026-12-28""}"
62efd78c-2187-4578-9ed0-9d3ceff45da0,2026-03-27 17:33:21,False,HS-COMP-000007,Nova Retail 7,client007.example.com,Real Estate,HS-OWN-0006,2025-03-21 18:42:38,2025-08-16 03:29:29,"{""service_line_tags"":[""Paid Media""],""contract_type"":""Project"",""retainer_value"":24764.28,""renewal_date"":""2027-03-21""}"
285ee495-e237-44ee-8824-23cd5264e98e,2026-03-27 17:33:21,False,HS-COMP-000008,North Digital 8,client008.example.com,Real Estate,HS-OWN-0006,2025-12-26 01:03:59,2025-12-29 03:51:55,"{""service_line_tags"":[""Social""],""contract_type"":""Project"",""retainer_value"":11526.21,""renewal_date"":""2026-06-24""}"
e36421bd-a91d-4337-ac78-2e01697a349a,2026-03-27 17:33:21,False,HS-COMP-000009,North Retail 9,client009.example.com,Real Estate,HS-OWN-0009,2025-04-19 11:54:03,2025-09-20 03:27:26,"{""service_line_tags"":[""Content"",""Social"",""Email""],""contract_type"":""Hybrid"",""retainer_value"":12824.17,""renewal_date"":""2026-04-19""}"
52713e06-8923-4d3a-82b1-fb95288c7be7,2026-03-27 17:33:21,False,HS-COMP-000010,Nova Capital 10,client010.example.com,SaaS,HS-OWN-0001,2025-02-23 12:08:28,2025-12-30 17:30:22,"{""service_line_tags"":[""Paid Media""],""contract_type"":""Project"",""retainer_value"":7434.72,""renewal_date"":""2025-08-22""}"
1d715a9c-75da-4489-b379-20afff34c99d,2026-03-27 17:33:21,False,HS-COMP-000011,Prime Capital 11,client011.example.com,EdTech,HS-OWN-0008,2025-07-28 01:59:52,2025-09-28 05:08:17,"{""service_line_tags"":[""Content"",""Email"",""SEO""],""contract_type"":""Hybrid"",""retainer_value"":11998.6,""renewal_date"":""2026-01-24""}"
987eff63-b23c-45b5-a492-c581b3f3fdb7,2026-03-27 17:33:21,False,HS-COMP-000012,Bright Labs 12,client012.example.com,Retail,HS-OWN-0007,2025-09-07 02:57:27,2025-10-21 14:39:25,"{""service_line_tags"":[""Web Dev""],""contract_type"":""Hybrid"",""retainer_value"":22407.74,""renewal_date"":""2026-09-07""}"
aa4bee05-b0cd-4c52-b340-58de0b25fd14,2026-03-27 17:33:21,False,HS-COMP-000013,North Digital 13,client013.example.com,SaaS,HS-OWN-0005,2024-03-30 06:03:10,2025-10-12 02:49:27,"{""service_line_tags"":[""Email"",""Analytics"",""Paid Media""],""contract_type"":""Hybrid"",""retainer_value"":8426.25,""renewal_date"":""2026-03-30""}"
df237630-53c7-44f9-825c-777127fd27c2,2026-03-27 17:33:21,False,HS-COMP-000014,Blue Digital 14,client014.example.com,Retail,HS-OWN-0008,2024-07-24 10:41:10,2025-05-10 20:56:43,"{""service_line_tags"":[""SEO""],""contract_type"":""Retainer"",""retainer_value"":14636.03,""renewal_date"":""2026-07-24""}"
48ce4173-e021-4401-8bc6-fc0ac7567f66,2026-03-27 17:33:21,False,HS-COMP-000015,Blue Labs 15,client015.example.com,Real Estate,HS-OWN-0008,2025-01-03 16:00:27,2025-08-30 12:29:10,"{""service_line_tags"":[""Analytics""],""contract_type"":""Retainer"",""retainer_value"":3803.32,""renewal_date"":""2027-01-03""}"
d00e14bf-9acf-4660-b72e-e31fa1f0af66,2026-03-27 17:33:21,False,HS-COMP-000016,Nova Retail 16,client016.example.com,Retail,HS-OWN-0009,2025-05-15 11:55:06,2026-03-08 22:00:45,"{""service_line_tags"":[""Web Dev"",""Paid Media"",""Email""],""contract_type"":""Retainer"",""retainer_value"":5388.81,""renewal_date"":""2026-05-15""}"
db01b2ba-2a41-4b71-a50d-ac69d59a9b73,2026-03-27 17:33:21,False,HS-COMP-000017,Prime Health 17,client017.example.com,FinTech,HS-OWN-0009,2025-11-04 08:43:10,2026-03-26 02:26:41,"{""service_line_tags"":[""SEO"",""Paid Media""],""contract_type"":""Hybrid"",""retainer_value"":7025.9,""renewal_date"":""2026-11-04""}"
5de712ca-6e36-498d-bb49-b1527651c4a8,2026-03-27 17:33:21,False,HS-COMP-000018,North Digital 18,client018.example.com,Healthcare,HS-OWN-0001,2024-09-18 06:13:04,2024-11-06 23:44:49,"{""service_line_tags"":[""Social""],""contract_type"":""Project"",""retainer_value"":2973.27,""renewal_date"":""2026-09-18""}"
4737e330-b8d8-4927-a065-224ae582e190,2026-03-27 17:33:21,False,HS-COMP-000019,Bright Labs 19,client019.example.com,EdTech,HS-OWN-0004,2025-07-30 22:10:03,2025-08-22 18:54:38,"{""service_line_tags"":[""Social"",""Web Dev""],""contract_type"":""Retainer"",""retainer_value"":4016.51,""renewal_date"":""2026-01-26""}"
ab0e7682-710f-436c-bd6d-62285dac5cc0,2026-03-27 17:33:21,False,HS-COMP-000020,Nova Capital 20,client020.example.com,Healthcare,HS-OWN-0008,2024-09-10 03:13:09,2025-11-02 23:16:05,"{""service_line_tags"":[""Paid Media"",""SEO""],""contract_type"":""Retainer"",""retainer_value"":18775.43,""renewal_date"":""2026-09-10""}"
aa9d8a3a-c635-446c-8e8f-4530087e0b1b,2026-03-27 17:33:21,False,HS-COMP-000021,Prime Labs 21,client021.example.com,Real Estate,HS-OWN-0002,2024-06-11 00:28:37,2025-11-04 20:48:20,"{""service_line_tags"":[""Web Dev""],""contract_type"":""Project"",""retainer_value"":10471.7,""renewal_date"":""2025-06-11""}"
ff2b1862-a27e-4ea5-902b-8ee1a27a31de,2026-03-27 17:33:21,False,HS-COMP-000022,Nova Capital 22,client022.example.com,Healthcare,HS-OWN-0007,2025-10-14 08:26:27,2025-12-19 05:42:20,"{""service_line_tags"":[""Content""],""contract_type"":""Retainer"",""retainer_value"":8094.77,""renewal_date"":""2026-04-12""}"
a5c0a5bf-e9d6-4af5-84c8-d7d6ad14295a,2026-03-27 17:33:21,False,HS-COMP-000023,Blue Labs 23,client023.example.com,Real Estate,HS-OWN-0009,2025-03-22 01:34:05,2025-06-27 01:55:58,"{""service_line_tags"":[""SEO""],""contract_type"":""Retainer"",""retainer_value"":12470.44,""renewal_date"":""2027-03-22""}"
ae8454b7-472a-4512-976d-edfe0dfe98e2,2026-03-27 17:33:21,False,HS-COMP-000024,North Capital 24,client024.example.com,SaaS,HS-OWN-0003,2025-11-03 01:02:05,2025-12-18 22:38:34,"{""service_line_tags"":[""SEO"",""Web Dev""],""contract_type"":""Retainer"",""retainer_value"":11644.32,""renewal_date"":""2026-11-03""}"
dec1a859-55f4-4fa2-a24e-bb95b3ed8c01,2026-03-27 17:33:21,False,HS-COMP-000025,Nova Capital 25,client025.example.com,Healthcare,HS-OWN-0004,2024-10-19 17:17:56,2025-10-08 03:16:10,"{""service_line_tags"":[""Paid Media"",""SEO""],""contract_type"":""Project"",""retainer_value"":12017.67,""renewal_date"":""2026-10-19""}"
14624e08-f23d-41ec-a952-96ac8e061f32,2026-03-27 17:33:21,False,HS-COMP-000026,Blue Digital 26,client026.example.com,FinTech,HS-OWN-0009,2025-06-20 14:15:32,2026-01-17 03:53:04,"{""service_line_tags"":[""Paid Media"",""SEO"",""Email""],""contract_type"":""Retainer"",""retainer_value"":19329.45,""renewal_date"":""2025-12-17""}"
75d78781-56f9-42cc-9c27-cd062a02ad2a,2026-03-27 17:33:21,False,HS-COMP-000027,North Capital 27,client027.example.com,SaaS,HS-OWN-0010,2024-05-28 22:56:30,2026-03-21 05:07:01,"{""service_line_tags"":[""Email""],""contract_type"":""Retainer"",""retainer_value"":4041.73,""renewal_date"":""2024-11-24""}"
f6d23075-74e6-4d95-a843-a3acd745d179,2026-03-27 17:33:21,False,HS-COMP-000028,Nova Digital 28,client028.example.com,EdTech,HS-OWN-0006,2025-07-02 12:11:46,2025-07-17 22:36:54,"{""service_line_tags"":[""Paid Media"",""Social""],""contract_type"":""Hybrid"",""retainer_value"":4344.63,""renewal_date"":""2027-07-02""}"
b54a1393-0d69-45e8-bcfe-e5443a09dcfc,2026-03-27 17:33:21,False,HS-COMP-000029,Bright Capital 29,client029.example.com,Retail,HS-OWN-0002,2025-10-05 00:20:19,2025-12-05 00:32:29,"{""service_line_tags"":[""Web Dev""],""contract_type"":""Retainer"",""retainer_value"":8476.33,""renewal_date"":""2026-04-03""}"
58d85eed-2a48-421c-886a-6fccf63a0696,2026-03-27 17:33:21,False,HS-COMP-000030,Nova Health 30,client030.example.com,Healthcare,HS-OWN-0006,2025-07-23 04:48:12,2026-02-26 20:17:03,"{""service_line_tags"":[""Paid Media""],""contract_type"":""Retainer"",""retainer_value"":4148.37,""renewal_date"":""2026-01-19""}"
3b807614-f9fa-4536-ad5d-2847179870b6,2026-03-27 17:33:21,False,HS-COMP-000031,Bright Digital 31,client031.example.com,E-commerce,HS-OWN-0009,2025-01-08 18:02:24,2025-08-18 02:35:24,"{""service_line_tags"":[""Social""],""contract_type"":""Retainer"",""retainer_value"":12359.15,""renewal_date"":""2027-01-08""}"
8dd9160d-e3c4-4e6b-a109-53daaa4c7da2,2026-03-27 17:33:21,False,HS-COMP-000032,North Health 32,client032.example.com,SaaS,HS-OWN-0002,2025-12-22 09:28:51,2026-02-14 05:47:52,"{""service_line_tags"":[""Email"",""Paid Media"",""Content""],""contract_type"":""Project"",""retainer_value"":23464.51,""renewal_date"":""2026-06-20""}"
21a04775-3eff-457b-b257-01067d85c848,2026-03-27 17:33:21,False,HS-COMP-000033,Bright Digital 33,client033.example.com,FinTech,HS-OWN-0005,2024-11-01 13:52:24,2026-02-14 08:43:06,"{""service_line_tags"":[""SEO""],""contract_type"":""Retainer"",""retainer_value"":18646.27,""renewal_date"":""2025-04-30""}"
3b5e714c-db24-4704-b838-d1606455d642,2026-03-27 17:33:21,False,HS-COMP-000034,North Health 34,client034.example.com,Healthcare,HS-OWN-0008,2025-08-02 09:28:29,2026-01-13 21:29:13,"{""service_line_tags"":[""Social"",""Web Dev"",""Email""],""contract_type"":""Project"",""retainer_value"":3491.95,""renewal_date"":""2026-08-02""}"
abdcad67-9db7-4280-82d7-f5661c3858a4,2026-03-27 17:33:21,False,HS-COMP-000035,North Digital 35,client035.example.com,SaaS,HS-OWN-0006,2024-04-04 05:48:43,2024-06-30 03:17:32,"{""service_line_tags"":[""Email"",""Paid Media"",""Web Dev""],""contract_type"":""Retainer"",""retainer_value"":23763.65,""renewal_date"":""2026-04-04""}"
4f40a410-f869-4206-9bbb-3e112fe5a010,2026-03-27 17:33:21,False,HS-COMP-000036,Bright Retail 36,client036.example.com,Real Estate,HS-OWN-0004,2024-07-04 17:18:45,2024-08-06 05:03:32,"{""service_line_tags"":[""SEO"",""Content"",""Email""],""contract_type"":""Project"",""retainer_value"":10704.66,""renewal_date"":""2024-12-31""}"
8b8cd16c-b1c3-4738-9290-8ae8bffdd963,2026-03-27 17:33:21,False,HS-COMP-000037,North Retail 37,client037.example.com,E-commerce,HS-OWN-0003,2026-02-12 11:01:16,2026-03-26 22:08:07,"{""service_line_tags"":[""Web Dev""],""contract_type"":""Project"",""retainer_value"":24411.33,""renewal_date"":""2028-02-12""}"
5077d61b-ca6b-46a9-854b-9ea191d32230,2026-03-27 17:33:21,False,HS-COMP-000038,North Health 38,client038.example.com,Healthcare,HS-OWN-0002,2024-04-15 23:36:25,2024-09-02 07:07:55,"{""service_line_tags"":[""Analytics"",""SEO""],""contract_type"":""Hybrid"",""retainer_value"":23300.96,""renewal_date"":""2025-04-15""}"
b6b6a0f3-6cda-42a1-b64b-eccbc7d5dba1,2026-03-27 17:33:21,False,HS-COMP-000039,Bright Health 39,client039.example.com,E-commerce,HS-OWN-0004,2026-01-23 14:53:38,2026-03-10 07:40:52,"{""service_line_tags"":[""SEO""],""contract_type"":""Retainer"",""retainer_value"":6990.39,""renewal_date"":""2027-01-23""}"
ce526d52-1477-403d-bf15-a9fc1717e6a1,2026-03-27 17:33:21,False,HS-COMP-000040,Bright Health 40,client040.example.com,Real Estate,HS-OWN-0009,2025-08-22 09:27:58,2025-11-05 09:33:58,"{""service_line_tags"":[""Social"",""Email""],""contract_type"":""Project"",""retainer_value"":9885.89,""renewal_date"":""2026-02-18""}"
07624f3e-cd6d-4c6f-a529-7dfddd76e9c0,2026-03-27 17:33:21,False,HS-COMP-000041,North Digital 41,client041.example.com,Retail,HS-OWN-0001,2024-12-09 22:38:12,2024-12-31 09:08:52,"{""service_line_tags"":[""Email""],""contract_type"":""Retainer"",""retainer_value"":22233.36,""renewal_date"":""2025-12-09""}"
c6183971-3d2e-4ea5-803f-a9348e812454,2026-03-27 17:33:21,False,HS-COMP-000042,Nova Digital 42,client042.example.com,SaaS,HS-OWN-0007,2025-02-28 06:24:41,2025-11-23 18:29:10,"{""service_line_tags"":[""Paid Media"",""Content"",""SEO""],""contract_type"":""Hybrid"",""retainer_value"":20194.63,""renewal_date"":""2026-02-28""}"
2a18f2de-e74b-43df-bcb3-2428cd0a667f,2026-03-27 17:33:21,False,HS-COMP-000043,North Health 43,client043.example.com,FinTech,HS-OWN-0002,2025-09-29 06:16:16,2025-12-22 22:26:47,"{""service_line_tags"":[""Content"",""Email"",""Analytics""],""contract_type"":""Retainer"",""retainer_value"":14198.21,""renewal_date"":""2027-09-29""}"
d5978dfe-637c-4c7b-af06-76c288f86d27,2026-03-27 17:33:21,False,HS-COMP-000044,Bright Capital 44,client044.example.com,Retail,HS-OWN-0007,2025-08-24 23:59:40,2025-10-12 09:35:11,"{""service_line_tags"":[""Content"",""Email"",""Paid Media""],""contract_type"":""Hybrid"",""retainer_value"":22751.05,""renewal_date"":""2027-08-24""}"
bc0407f9-4893-4500-a545-4c08b614a5fe,2026-03-27 17:33:21,False,HS-COMP-000045,North Digital 45,client045.example.com,EdTech,HS-OWN-0005,2024-08-23 17:42:51,2025-07-16 07:24:06,"{""service_line_tags"":[""Email"",""SEO""],""contract_type"":""Hybrid"",""retainer_value"":23658.18,""renewal_date"":""2026-08-23""}"
e58c03e5-1e33-4b33-a036-2760f660f3cb,2026-03-27 17:33:21,False,HS-COMP-000046,Nova Health 46,client046.example.com,FinTech,HS-OWN-0008,2024-11-18 18:11:43,2025-06-29 14:39:16,"{""service_line_tags"":[""Social"",""Paid Media""],""contract_type"":""Retainer"",""retainer_value"":12172.48,""renewal_date"":""2026-11-18""}"
1c1ad739-01bd-4e7d-abd8-10db1a0963dd,2026-03-27 17:33:21,False,HS-COMP-000047,Bright Digital 47,client047.example.com,Real Estate,HS-OWN-0010,2025-04-28 18:31:47,2025-10-29 12:56:40,"{""service_line_tags"":[""SEO"",""Paid Media""],""contract_type"":""Hybrid"",""retainer_value"":6318.06,""renewal_date"":""2025-10-25""}"
4fb27edc-5c7c-48a9-8539-564f42ae224e,2026-03-27 17:33:21,False,HS-COMP-000048,Blue Labs 48,client048.example.com,Healthcare,HS-OWN-0008,2025-09-01 07:22:34,2025-12-30 20:41:42,"{""service_line_tags"":[""Analytics"",""SEO"",""Web Dev""],""contract_type"":""Retainer"",""retainer_value"":20647.67,""renewal_date"":""2026-02-28""}"
a3a30b65-2a42-44a5-bc2c-3a2e924b7796,2026-03-27 17:33:21,False,HS-COMP-000049,Prime Retail 49,client049.example.com,Healthcare,HS-OWN-0001,2025-02-12 15:17:46,2025-07-13 15:49:53,"{""service_line_tags"":[""Analytics""],""contract_type"":""Hybrid"",""retainer_value"":18167.97,""renewal_date"":""2026-02-12""}"
d7fcc0af-e096-4b5e-a76b-e434a6086c78,2026-03-27 17:33:21,False,HS-COMP-000050,Nova Capital 50,client050.example.com,SaaS,HS-OWN-0009,2025-02-20 22:51:19,2025-08-09 22:20:59,"{""service_line_tags"":[""Analytics""],""contract_type"":""Retainer"",""retainer_value"":20592.47,""renewal_date"":""2027-02-20""}"
05331bc3-6227-417e-a9fd-8e5c3975f682,2026-03-27 17:33:21,False,HS-COMP-000051,Nova Digital 51,client051.example.com,EdTech,HS-OWN-0006,2024-06-29 23:50:38,2025-06-19 12:54:32,"{""service_line_tags"":[""Email"",""Social""],""contract_type"":""Retainer"",""retainer_value"":20531.87,""renewal_date"":""2026-06-29""}"
7d0212d9-28f8-4e91-b351-ee7e8ee88d38,2026-03-27 17:33:21,False,HS-COMP-000052,Prime Retail 52,client052.example.com,Real Estate,HS-OWN-0008,2026-02-18 14:01:09,2026-03-15 02:07:42,"{""service_line_tags"":[""Content"",""Paid Media""],""contract_type"":""Project"",""retainer_value"":21187.81,""renewal_date"":""2028-02-18""}"
d541bbae-2bf3-4064-9d3f-3ca70f728e51,2026-03-27 17:33:21,False,HS-COMP-000053,Prime Retail 53,client053.example.com,Retail,HS-OWN-0008,2026-01-09 01:44:05,2026-03-11 23:35:36,"{""service_line_tags"":[""Social""],""contract_type"":""Project"",""retainer_value"":19730.81,""renewal_date"":""2028-01-09""}"
35235986-bd43-45d6-9108-631a128dd86a,2026-03-27 17:33:21,False,HS-COMP-000054,Blue Retail 54,client054.example.com,Healthcare,HS-OWN-0004,2024-11-04 15:54:52,2025-05-05 19:11:29,"{""service_line_tags"":[""Social"",""Paid Media""],""contract_type"":""Project"",""retainer_value"":10056.57,""renewal_date"":""2026-11-04""}"
28c91f23-7b4b-4772-87a1-2ed8ca3a9b18,2026-03-27 17:33:21,False,HS-COMP-000055,Nova Capital 55,client055.example.com,FinTech,HS-OWN-0001,2025-09-27 10:09:47,2025-11-07 23:15:20,"{""service_line_tags"":[""Analytics""],""contract_type"":""Retainer"",""retainer_value"":11834.53,""renewal_date"":""2026-09-27""}"
c265f5fd-3556-43c6-8278-42c27cd149af,2026-03-27 17:33:21,False,HS-COMP-000056,Nova Capital 56,client056.example.com,FinTech,HS-OWN-0001,2025-02-17 01:35:55,2025-12-16 13:58:21,"{""service_line_tags"":[""Content"",""Web Dev""],""contract_type"":""Hybrid"",""retainer_value"":23786.4,""renewal_date"":""2025-08-16""}"
23ed88f3-536d-432f-be0a-cd42a87c9af0,2026-03-27 17:33:21,False,HS-COMP-000057,Nova Retail 57,client057.example.com,FinTech,HS-OWN-0004,2026-01-19 14:58:43,2026-03-01 07:22:08,"{""service_line_tags"":[""Web Dev"",""Analytics""],""contract_type"":""Hybrid"",""retainer_value"":19319.1,""renewal_date"":""2028-01-19""}"
0593b41c-4b37-4519-a5ce-85d221a3cb45,2026-03-27 17:33:21,False,HS-COMP-000058,North Capital 58,client058.example.com,Healthcare,HS-OWN-0010,2024-04-19 06:37:03,2025-02-15 07:26:28,"{""service_line_tags"":[""SEO"",""Web Dev"",""Email""],""contract_type"":""Project"",""retainer_value"":17549.66,""renewal_date"":""2025-04-19""}"
b1082708-437b-4a6e-9c7f-a901f04abc64,2026-03-27 17:33:21,False,HS-COMP-000059,North Capital 59,client059.example.com,Healthcare,HS-OWN-0001,2025-06-09 02:35:05,2026-02-21 14:11:25,"{""service_line_tags"":[""Web Dev"",""Content""],""contract_type"":""Retainer"",""retainer_value"":4388.82,""renewal_date"":""2026-06-09""}"
38664a09-5712-483d-9477-ec43ae16b87c,2026-03-27 17:33:21,False,HS-COMP-000060,Bright Capital 60,client060.example.com,Retail,HS-OWN-0002,2024-09-08 03:11:22,2025-08-27 07:23:57,"{""service_line_tags"":[""SEO"",""Social""],""contract_type"":""Project"",""retainer_value"":10093.76,""renewal_date"":""2025-09-08""}"
7eb1ab3c-225e-484d-927a-e9c648c79ee5,2026-03-27 17:33:21,False,HS-COMP-000061,Blue Labs 61,client061.example.com,Healthcare,HS-OWN-0004,2025-05-20 17:03:20,2025-06-09 22:31:42,"{""service_line_tags"":[""Email""],""contract_type"":""Project"",""retainer_value"":7545.0,""renewal_date"":""2025-11-16""}"
8718f2ad-663a-4e87-8ea5-620192757eb6,2026-03-27 17:33:21,False,HS-COMP-000062,Nova Retail 62,client062.example.com,FinTech,HS-OWN-0005,2024-07-24 02:10:07,2025-01-25 08:58:07,"{""service_line_tags"":[""Paid Media"",""Email""],""contract_type"":""Retainer"",""retainer_value"":13155.12,""renewal_date"":""2025-01-20""}"
3272ebf3-5649-4188-a8c3-dcbf7a04a688,2026-03-27 17:33:21,False,HS-COMP-000063,Nova Labs 63,client063.example.com,Retail,HS-OWN-0010,2025-07-12 09:28:10,2025-08-25 20:59:35,"{""service_line_tags"":[""Web Dev"",""Analytics"",""Paid Media""],""contract_type"":""Retainer"",""retainer_value"":24206.22,""renewal_date"":""2026-01-08""}"
79fd0c64-2bf9-4cc9-9308-675a128a1003,2026-03-27 17:33:21,False,HS-COMP-000064,Blue Health 64,client064.example.com,E-commerce,HS-OWN-0010,2024-05-25 18:13:58,2025-08-28 15:44:12,"{""service_line_tags"":[""Analytics""],""contract_type"":""Hybrid"",""retainer_value"":21187.86,""renewal_date"":""2024-11-21""}"
c4c4fd61-76a9-41b2-841f-a80387e66835,2026-03-27 17:33:21,False,HS-COMP-000065,Bright Labs 65,client065.example.com,EdTech,HS-OWN-0006,2025-06-10 07:18:11,2025-06-26 06:05:42,"{""service_line_tags"":[""Analytics""],""contract_type"":""Project"",""retainer_value"":14486.77,""renewal_date"":""2027-06-10""}"
0bd9472a-efe5-40cb-a7c8-24ee82a8ad76,2026-03-27 17:33:21,False,HS-COMP-000066,Prime Retail 66,client066.example.com,FinTech,HS-OWN-0003,2025-02-17 00:01:05,2026-03-04 18:02:24,"{""service_line_tags"":[""Email"",""Social"",""Content""],""contract_type"":""Retainer"",""retainer_value"":12254.28,""renewal_date"":""2026-02-17""}"
87360e26-75eb-40cc-9f33-490c36aee090,2026-03-27 17:33:21,False,HS-COMP-000067,Nova Health 67,client067.example.com,Retail,HS-OWN-0004,2025-07-19 02:59:39,2026-02-13 03:07:45,"{""service_line_tags"":[""Content""],""contract_type"":""Project"",""retainer_value"":12959.66,""renewal_date"":""2027-07-19""}"
9c42a7bc-a467-4f7b-90b0-6b782415451b,2026-03-27 17:33:21,False,HS-COMP-000068,Nova Capital 68,client068.example.com,Retail,HS-OWN-0001,2026-02-10 12:21:08,2026-03-04 09:34:28,"{""service_line_tags"":[""Analytics"",""Content""],""contract_type"":""Retainer"",""retainer_value"":19385.72,""renewal_date"":""2028-02-10""}"
dfa91cce-60b3-47cd-abd8-d9d76eacdd38,2026-03-27 17:33:21,False,HS-COMP-000069,Bright Health 69,client069.example.com,EdTech,HS-OWN-0005,2024-08-15 23:17:47,2025-08-29 15:53:09,"{""service_line_tags"":[""SEO"",""Email"",""Paid Media""],""contract_type"":""Retainer"",""retainer_value"":10483.56,""renewal_date"":""2025-08-15""}"
1dd5f191-0888-4948-95b7-fac17cb84490,2026-03-27 17:33:21,False,HS-COMP-000070,North Capital 70,client070.example.com,Real Estate,HS-OWN-0008,2024-06-02 05:29:49,2024-12-06 16:41:59,"{""service_line_tags"":[""Analytics"",""SEO""],""contract_type"":""Hybrid"",""retainer_value"":11644.63,""renewal_date"":""2026-06-02""}"
c11eadf2-c39c-4abc-8cec-386f55decf1d,2026-03-27 17:33:21,False,HS-COMP-000071,Bright Digital 71,client071.example.com,Retail,HS-OWN-0008,2024-06-08 00:11:45,2025-01-22 13:08:40,"{""service_line_tags"":[""Email"",""Content"",""Web Dev""],""contract_type"":""Retainer"",""retainer_value"":11599.03,""renewal_date"":""2024-12-05""}"
2628e456-29a1-4e44-aba9-34148ea3dcf0,2026-03-27 17:33:21,False,HS-COMP-000072,Bright Health 72,client072.example.com,Retail,HS-OWN-0004,2025-10-28 02:48:00,2026-02-11 23:47:46,"{""service_line_tags"":[""Social""],""contract_type"":""Project"",""retainer_value"":10415.74,""renewal_date"":""2026-10-28""}"
83cd7750-0fd0-499e-9be7-2ff83d44785a,2026-03-27 17:33:21,False,HS-COMP-000073,North Retail 73,client073.example.com,Healthcare,HS-OWN-0008,2024-08-24 07:35:14,2025-04-26 09:49:38,"{""service_line_tags"":[""Social"",""Email""],""contract_type"":""Retainer"",""retainer_value"":19214.82,""renewal_date"":""2026-08-24""}"
5a3a3ad7-f1d3-40ee-84e6-03a662f406dc,2026-03-27 17:33:21,False,HS-COMP-000074,North Health 74,client074.example.com,Healthcare,HS-OWN-0006,2025-11-08 04:51:29,2026-02-18 01:50:35,"{""service_line_tags"":[""Content""],""contract_type"":""Hybrid"",""retainer_value"":8867.47,""renewal_date"":""2026-05-07""}"
4d50a799-49fd-4356-a3fb-d0ebde7a246a,2026-03-27 17:33:21,False,HS-COMP-000075,Blue Digital 75,client075.example.com,Retail,HS-OWN-0003,2024-04-07 17:18:01,2025-10-09 15:43:17,"{""service_line_tags"":[""Analytics"",""Web Dev"",""SEO""],""contract_type"":""Hybrid"",""retainer_value"":5348.12,""renewal_date"":""2024-10-04""}"
72697eb2-7290-4915-a69d-c99005cd8edd,2026-03-27 17:33:21,False,HS-COMP-000076,Prime Health 76,client076.example.com,Healthcare,HS-OWN-0001,2026-02-03 14:13:51,2026-02-04 18:48:40,"{""service_line_tags"":[""Analytics"",""Web Dev""],""contract_type"":""Hybrid"",""retainer_value"":8897.63,""renewal_date"":""2027-02-03""}"
e2997093-2944-491d-a6b8-3dc5a470a45c,2026-03-27 17:33:21,False,HS-COMP-000077,Nova Labs 77,client077.example.com,Healthcare,HS-OWN-0003,2024-06-24 08:17:39,2026-03-24 21:38:26,"{""service_line_tags"":[""Content"",""SEO"",""Paid Media""],""contract_type"":""Retainer"",""retainer_value"":11515.92,""renewal_date"":""2024-12-21""}"
358d6c76-3711-44fc-b2e7-34abdcdec0e1,2026-03-27 17:33:21,False,HS-COMP-000078,North Digital 78,client078.example.com,FinTech,HS-OWN-0008,2024-06-27 17:39:10,2025-09-04 04:53:17,"{""service_line_tags"":[""Content"",""Email""],""contract_type"":""Project"",""retainer_value"":16142.15,""renewal_date"":""2026-06-27""}"
850515a6-4153-46fb-8d29-4d90589fdbe4,2026-03-27 17:33:21,False,HS-COMP-000079,Blue Retail 79,client079.example.com,Real Estate,HS-OWN-0004,2025-02-23 19:31:24,2025-10-19 00:13:25,"{""service_line_tags"":[""Social"",""SEO""],""contract_type"":""Hybrid"",""retainer_value"":16473.11,""renewal_date"":""2027-02-23""}"
22ab37b9-dc2a-4b70-89ec-f647e03e44b9,2026-03-27 17:33:21,False,HS-COMP-000080,Blue Capital 80,client080.example.com,FinTech,HS-OWN-0010,2024-07-27 17:18:44,2025-01-30 00:43:23,"{""service_line_tags"":[""Content"",""SEO""],""contract_type"":""Retainer"",""retainer_value"":14919.83,""renewal_date"":""2025-01-23""}"
a5624759-4937-41a7-9956-64fd63e5de41,2026-03-27 17:33:21,False,HS-COMP-000081,Blue Retail 81,client081.example.com,Retail,HS-OWN-0010,2024-09-23 12:35:08,2025-05-05 07:14:59,"{""service_line_tags"":[""Analytics"",""Paid Media"",""Web Dev""],""contract_type"":""Hybrid"",""retainer_value"":8861.16,""renewal_date"":""2025-09-23""}"
12caa370-9bca-47d5-9d9d-79e3a32ab987,2026-03-27 17:33:21,False,HS-COMP-000082,North Labs 82,client082.example.com,SaaS,HS-OWN-0003,2024-06-24 21:08:28,2025-08-21 20:31:10,"{""service_line_tags"":[""Email"",""Social""],""contract_type"":""Retainer"",""retainer_value"":17071.78,""renewal_date"":""2025-06-24""}"
b032d6b4-ae70-4e0a-bd00-aa9b86099691,2026-03-27 17:33:21,False,HS-COMP-000083,Bright Capital 83,client083.example.com,Retail,HS-OWN-0009,2025-12-27 22:30:31,2026-02-21 04:51:25,"{""service_line_tags"":[""Web Dev"",""Analytics"",""SEO""],""contract_type"":""Project"",""retainer_value"":12380.95,""renewal_date"":""2026-12-27""}"
5b1dff18-88b1-4c9a-9ae8-1878732697fe,2026-03-27 17:33:21,False,HS-COMP-000084,Bright Labs 84,client084.example.com,SaaS,HS-OWN-0004,2025-07-05 05:46:02,2025-07-20 17:17:47,"{""service_line_tags"":[""Analytics"",""Email"",""Social""],""contract_type"":""Project"",""retainer_value"":19027.01,""renewal_date"":""2027-07-05""}"
0d1fa318-0fc2-4f74-863d-914460871949,2026-03-27 17:33:21,False,HS-COMP-000085,Blue Retail 85,client085.example.com,FinTech,HS-OWN-0009,2024-04-12 20:16:44,2025-11-27 20:26:44,"{""service_line_tags"":[""Web Dev"",""Content"",""Paid Media""],""contract_type"":""Hybrid"",""retainer_value"":20981.98,""renewal_date"":""2026-04-12""}"
f2f3d70e-cdea-4878-9923-baea22b71a96,2026-03-27 17:33:21,False,HS-COMP-000086,Prime Health 86,client086.example.com,FinTech,HS-OWN-0006,2025-06-25 08:53:27,2025-12-11 15:38:00,"{""service_line_tags"":[""Social"",""SEO""],""contract_type"":""Hybrid"",""retainer_value"":20820.51,""renewal_date"":""2025-12-22""}"
a1427183-72db-4a84-8c0a-056d175a43bc,2026-03-27 17:33:21,False,HS-COMP-000087,Bright Capital 87,client087.example.com,E-commerce,HS-OWN-0009,2026-01-22 22:51:34,2026-02-07 13:36:30,"{""service_line_tags"":[""Web Dev""],""contract_type"":""Project"",""retainer_value"":11762.01,""renewal_date"":""2027-01-22""}"
8f27df8c-aacc-47a5-83a6-7f672b4e0ccf,2026-03-27 17:33:21,False,HS-COMP-000088,Nova Labs 88,client088.example.com,Real Estate,HS-OWN-0009,2024-06-04 03:06:33,2025-02-03 10:08:02,"{""service_line_tags"":[""Web Dev"",""SEO""],""contract_type"":""Project"",""retainer_value"":9773.66,""renewal_date"":""2025-06-04""}"
6255901b-5300-4ae7-aa2e-82fbc12e575a,2026-03-27 17:33:21,False,HS-COMP-000089,Prime Labs 89,client089.example.com,Healthcare,HS-OWN-0005,2024-08-20 10:20:52,2025-09-27 02:45:30,"{""service_line_tags"":[""Paid Media"",""Content"",""Web Dev""],""contract_type"":""Project"",""retainer_value"":16509.26,""renewal_date"":""2025-08-20""}"
8b68886d-8711-4792-8c83-f3ac2f134a6c,2026-03-27 17:33:21,False,HS-COMP-000090,Nova Retail 90,client090.example.com,Real Estate,HS-OWN-0003,2026-02-09 21:43:36,2026-03-15 19:14:48,"{""service_line_tags"":[""Email"",""SEO""],""contract_type"":""Project"",""retainer_value"":5232.09,""renewal_date"":""2028-02-09""}"
6fd44dac-30ae-4d00-8d18-db3f33167452,2026-03-27 17:33:21,False,HS-COMP-000091,Prime Labs 91,client091.example.com,Real Estate,HS-OWN-0003,2025-05-30 16:16:05,2025-11-05 03:01:00,"{""service_line_tags"":[""Social"",""Content""],""contract_type"":""Retainer"",""retainer_value"":7555.76,""renewal_date"":""2025-11-26""}"
b5d1954f-c48c-488d-8857-f1970ba3b4da,2026-03-27 17:33:21,False,HS-COMP-000092,Prime Retail 92,client092.example.com,FinTech,HS-OWN-0009,2025-04-26 23:37:03,2026-01-25 22:31:49,"{""service_line_tags"":[""Web Dev""],""contract_type"":""Project"",""retainer_value"":11848.53,""renewal_date"":""2026-04-26""}"
bedfe952-8108-4b6c-babf-11ac4c8af91d,2026-03-27 17:33:21,False,HS-COMP-000093,Blue Health 93,client093.example.com,E-commerce,HS-OWN-0007,2024-08-22 18:47:26,2025-12-01 07:59:55,"{""service_line_tags"":[""Analytics"",""Email""],""contract_type"":""Hybrid"",""retainer_value"":19291.58,""renewal_date"":""2025-02-18""}"
01647c03-e038-470e-ba58-c1b8bb3f5b85,2026-03-27 17:33:21,False,HS-COMP-000094,Nova Capital 94,client094.example.com,E-commerce,HS-OWN-0003,2024-10-21 06:00:54,2024-10-23 05:50:05,"{""service_line_tags"":[""Email"",""Web Dev""],""contract_type"":""Project"",""retainer_value"":18836.15,""renewal_date"":""2026-10-21""}"
c0537a05-0bd4-4f40-9ccb-b0776a8544a5,2026-03-27 17:33:21,False,HS-COMP-000095,Prime Health 95,client095.example.com,E-commerce,HS-OWN-0004,2024-12-20 19:07:56,2025-09-05 00:15:43,"{""service_line_tags"":[""Paid Media"",""Email"",""Web Dev""],""contract_type"":""Hybrid"",""retainer_value"":19664.64,""renewal_date"":""2025-12-20""}"
38bfd2fe-621e-45cd-9660-5b8b31146595,2026-03-27 17:33:21,False,HS-COMP-000096,Prime Capital 96,client096.example.com,Real Estate,HS-OWN-0003,2024-09-25 03:28:31,2025-08-10 04:52:41,"{""service_line_tags"":[""SEO"",""Paid Media""],""contract_type"":""Retainer"",""retainer_value"":9658.97,""renewal_date"":""2025-09-25""}"
270155c1-7f4b-4e87-b59b-09ba7cbf649c,2026-03-27 17:33:21,False,HS-COMP-000097,Blue Digital 97,client097.example.com,FinTech,HS-OWN-0001,2025-04-21 20:56:29,2025-12-07 01:49:18,"{""service_line_tags"":[""Paid Media"",""Web Dev"",""Analytics""],""contract_type"":""Project"",""retainer_value"":22068.26,""renewal_date"":""2026-04-21""}"
ab666f9f-b367-47eb-8990-5312fc7ed0fa,2026-03-27 17:33:21,False,HS-COMP-000098,Prime Labs 98,client098.example.com,E-commerce,HS-OWN-0006,2024-05-24 20:27:19,2025-05-24 12:23:39,"{""service_line_tags"":[""Analytics"",""Email"",""Web Dev""],""contract_type"":""Project"",""retainer_value"":10117.63,""renewal_date"":""2026-05-24""}"
5603f90e-764d-4ada-aeb5-fbb9dc7a60af,2026-03-27 17:33:21,False,HS-COMP-000099,North Health 99,client099.example.com,Healthcare,HS-OWN-0002,2024-11-28 16:32:51,2025-12-12 16:32:52,"{""service_line_tags"":[""SEO"",""Social""],""contract_type"":""Hybrid"",""retainer_value"":3307.73,""renewal_date"":""2025-05-27""}"
3a188f67-7a2e-40f6-a4f4-10c2ac1d5109,2026-03-27 17:33:21,False,HS-COMP-000100,Bright Labs 100,client100.example.com,SaaS,HS-OWN-0006,2025-09-25 11:01:54,2026-03-13 21:32:44,"{""service_line_tags"":[""Content""],""contract_type"":""Retainer"",""retainer_value"":12482.77,""renewal_date"":""2027-09-25""}"
bf2c825f-a051-4561-96b9-2fda53e156b1,2026-03-27 17:33:21,False,HS-COMP-000101,Prime Digital 101,client101.example.com,Real Estate,HS-OWN-0003,2024-12-31 03:47:48,2025-10-18 07:20:27,"{""service_line_tags"":[""Paid Media""],""contract_type"":""Project"",""retainer_value"":5775.32,""renewal_date"":""2026-12-31""}"
960e2ce7-3b5c-4caf-a8cc-e55ab1f8e9a4,2026-03-27 17:33:21,False,HS-COMP-000102,Prime Digital 102,client102.example.com,Healthcare,HS-OWN-0004,2024-05-28 01:37:57,2025-09-13 11:22:58,"{""service_line_tags"":[""Social"",""Content""],""contract_type"":""Project"",""retainer_value"":16443.48,""renewal_date"":""2024-11-24""}"
4a6df788-2053-4933-9ef1-958bde3fb5a7,2026-03-27 17:33:21,False,HS-COMP-000103,Bright Digital 103,client103.example.com,Healthcare,HS-OWN-0002,2025-03-19 16:34:15,2025-06-26 20:23:17,"{""service_line_tags"":[""Content"",""Email""],""contract_type"":""Hybrid"",""retainer_value"":2711.44,""renewal_date"":""2026-03-19""}"
b5ce40ae-3701-48c5-8602-6d6389113695,2026-03-27 17:33:21,False,HS-COMP-000104,Bright Retail 104,client104.example.com,FinTech,HS-OWN-0008,2024-11-15 02:11:42,2026-03-26 08:52:32,"{""service_line_tags"":[""Paid Media""],""contract_type"":""Project"",""retainer_value"":18032.05,""renewal_date"":""2025-11-15""}"
b2d20ab6-1582-48b6-88f7-5eb4cefb8715,2026-03-27 17:33:21,False,HS-COMP-000105,Bright Labs 105,client105.example.com,E-commerce,HS-OWN-0007,2025-01-17 22:42:05,2025-10-23 18:11:06,"{""service_line_tags"":[""SEO"",""Email""],""contract_type"":""Hybrid"",""retainer_value"":9157.13,""renewal_date"":""2027-01-17""}"
ea0130f5-2c63-4e22-96c6-e63b12d85e60,2026-03-27 17:33:21,False,HS-COMP-000106,North Digital 106,client106.example.com,E-commerce,HS-OWN-0006,2026-01-28 15:34:51,2026-02-02 09:51:43,"{""service_line_tags"":[""Social""],""contract_type"":""Hybrid"",""retainer_value"":19266.37,""renewal_date"":""2027-01-28""}"
2bd4eb53-78d5-48df-84ce-36c0e140cdd6,2026-03-27 17:33:21,False,HS-COMP-000107,North Labs 107,client107.example.com,Real Estate,HS-OWN-0001,2024-08-22 09:52:22,2025-12-17 16:07:22,"{""service_line_tags"":[""Analytics"",""Web Dev""],""contract_type"":""Project"",""retainer_value"":17749.7,""renewal_date"":""2026-08-22""}"
fa19ae38-5296-4834-8698-4bb63aa23418,2026-03-27 17:33:21,False,HS-COMP-000108,Bright Health 108,client108.example.com,Real Estate,HS-OWN-0007,2024-04-22 15:30:56,2025-07-16 19:33:15,"{""service_line_tags"":[""Paid Media""],""contract_type"":""Project"",""retainer_value"":18978.09,""renewal_date"":""2024-10-19""}"
9c8ea177-220d-4626-9804-8575dbc4fcd9,2026-03-27 17:33:21,False,HS-COMP-000109,Nova Digital 109,client109.example.com,Retail,HS-OWN-0003,2024-07-08 09:11:34,2026-03-11 06:51:15,"{""service_line_tags"":[""Analytics"",""Web Dev""],""contract_type"":""Hybrid"",""retainer_value"":22220.36,""renewal_date"":""2025-07-08""}"
4530d43d-0d50-44dd-9c7e-d80664351dba,2026-03-27 17:33:21,False,HS-COMP-000110,Prime Labs 110,client110.example.com,Healthcare,HS-OWN-0004,2025-12-14 03:35:27,2026-02-09 11:02:58,"{""service_line_tags"":[""Social"",""Analytics"",""Web Dev""],""contract_type"":""Hybrid"",""retainer_value"":22083.93,""renewal_date"":""2026-06-12""}"
ef3984d2-6571-424f-b6db-3d794d94b621,2026-03-27 17:33:21,False,HS-COMP-000111,Blue Health 111,client111.example.com,EdTech,HS-OWN-0002,2026-01-13 15:22:32,2026-03-08 18:00:29,"{""service_line_tags"":[""Content"",""Social""],""contract_type"":""Project"",""retainer_value"":4531.81,""renewal_date"":""2027-01-13""}"
719e14a8-f806-463a-b758-65203de18142,2026-03-27 17:33:21,False,HS-COMP-000112,Bright Labs 112,client112.example.com,Real Estate,HS-OWN-0004,2025-10-30 12:08:38,2026-03-10 01:28:44,"{""service_line_tags"":[""SEO"",""Email""],""contract_type"":""Project"",""retainer_value"":15652.6,""renewal_date"":""2027-10-30""}"
1de2159a-78ee-40a2-8418-33aedec2581e,2026-03-27 17:33:21,False,HS-COMP-000113,Blue Capital 113,client113.example.com,Real Estate,HS-OWN-0005,2026-02-12 12:53:16,2026-03-11 18:58:29,"{""service_line_tags"":[""Web Dev"",""SEO"",""Paid Media""],""contract_type"":""Project"",""retainer_value"":23093.26,""renewal_date"":""2026-08-11""}"
61bca8ab-4ee8-4222-bc19-0f102eaa0668,2026-03-27 17:33:21,False,HS-COMP-000114,Blue Retail 114,client114.example.com,EdTech,HS-OWN-0003,2024-05-01 22:52:53,2024-05-30 20:33:56,"{""service_line_tags"":[""Web Dev"",""Content""],""contract_type"":""Project"",""retainer_value"":24908.37,""renewal_date"":""2024-10-28""}"
ac26dd3f-2e4b-45e1-8103-09646188206f,2026-03-27 17:33:21,False,HS-COMP-000115,Prime Labs 115,client115.example.com,E-commerce,HS-OWN-0008,2025-08-30 12:19:29,2026-02-09 06:52:09,"{""service_line_tags"":[""Web Dev"",""Content"",""SEO""],""contract_type"":""Hybrid"",""retainer_value"":19201.05,""renewal_date"":""2026-02-26""}"
863c19de-5eb7-4c5c-bf93-c6829bc66803,2026-03-27 17:33:21,False,HS-COMP-000116,Bright Labs 116,client116.example.com,Real Estate,HS-OWN-0006,2025-09-14 21:19:12,2025-11-25 20:06:53,"{""service_line_tags"":[""Social"",""Content"",""SEO""],""contract_type"":""Retainer"",""retainer_value"":12476.12,""renewal_date"":""2026-03-13""}"
626ec108-3668-4862-bb63-9bf5f18d2530,2026-03-27 17:33:21,False,HS-COMP-000117,Blue Retail 117,client117.example.com,Real Estate,HS-OWN-0010,2025-01-30 23:25:00,2025-09-02 06:13:10,"{""service_line_tags"":[""SEO""],""contract_type"":""Retainer"",""retainer_value"":24284.65,""renewal_date"":""2026-01-30""}"
5d0d8ea6-1253-49de-974d-942ef3d84b00,2026-03-27 17:33:21,False,HS-COMP-000118,North Labs 118,client118.example.com,E-commerce,HS-OWN-0009,2025-11-28 20:28:12,2026-02-01 14:44:07,"{""service_line_tags"":[""Email""],""contract_type"":""Retainer"",""retainer_value"":24748.47,""renewal_date"":""2027-11-28""}"
ec682107-773b-41e2-80ec-83c8f3da8e8e,2026-03-27 17:33:21,False,HS-COMP-000119,Blue Health 119,client119.example.com,E-commerce,HS-OWN-0003,2024-09-11 11:10:50,2025-03-11 10:35:26,"{""service_line_tags"":[""Email""],""contract_type"":""Project"",""retainer_value"":19923.29,""renewal_date"":""2026-09-11""}"
0ef33567-3aea-4a38-8747-f7f5222a1151,2026-03-27 17:33:21,False,HS-COMP-000120,North Labs 120,client120.example.com,Retail,HS-OWN-0004,2024-10-08 10:05:19,2025-02-20 22:57:02,"{""service_line_tags"":[""Content"",""SEO"",""Paid Media""],""contract_type"":""Retainer"",""retainer_value"":17373.8,""renewal_date"":""2025-04-06""}"
