hs_object_id,dealname,amount,dealstage,pipeline,closedate,createdate,hs_deal_stage_probability,hubspot_owner_id,associated_company_ids,properties
HS-DEA-0000001,North Capital 1 - Campaign,83901.21,closedlost,default,2024-07-28,2024-05-13 23:35:54,0.0,HS-OWN-0005,"[""HS-COMP-000001""]","{""service_line"":""Web Dev""}"
HS-DEA-0000002,North Retail 2 - Campaign,40940.21,closedwon,default,2025-11-11,2025-10-15 10:41:37,100.0,HS-OWN-0006,"[""HS-COMP-000002""]","{""service_line"":""Content""}"
HS-DEA-0000003,North Retail 2 - Growth,15490.85,closedlost,default,2025-02-15,2025-01-12 11:12:27,0.0,HS-OWN-0006,"[""HS-COMP-000002""]","{""service_line"":""SEO""}"
HS-DEA-0000004,North Retail 2 - Rebuild,98353.47,appointmentscheduled,default,2024-08-17,2024-06-08 03:39:57,25.0,HS-OWN-0006,"[""HS-COMP-000002""]","{""service_line"":""Email""}"
HS-DEA-0000005,North Retail 2 - Growth,52242.99,closedwon,default,2024-08-11,2024-05-13 07:51:26,100.0,HS-OWN-0006,"[""HS-COMP-000002""]","{""service_line"":""Analytics""}"
HS-DEA-0000006,Bright Labs 3 - Rebuild,45367.69,closedwon,default,2025-02-06,2024-10-25 23:51:36,100.0,HS-OWN-0008,"[""HS-COMP-000003""]","{""service_line"":""Paid Media""}"
HS-DEA-0000007,Bright Labs 3 - Growth,21315.59,closedlost,default,2026-03-06,2026-02-01 09:08:49,0.0,HS-OWN-0008,"[""HS-COMP-000003""]","{""service_line"":""Social""}"
HS-DEA-0000008,Nova Retail 4 - Growth,22891.69,appointmentscheduled,default,2026-02-16,2025-11-21 02:59:46,25.0,HS-OWN-0002,"[""HS-COMP-000004""]","{""service_line"":""Analytics""}"
HS-DEA-0000009,Nova Retail 4 - Rebuild,55957.99,appointmentscheduled,default,2025-08-10,2025-07-20 15:04:09,25.0,HS-OWN-0002,"[""HS-COMP-000004""]","{""service_line"":""Web Dev""}"
HS-DEA-0000010,Nova Retail 4 - Campaign,36414.19,closedlost,default,2025-07-09,2025-04-08 23:07:16,0.0,HS-OWN-0002,"[""HS-COMP-000004""]","{""service_line"":""Analytics""}"
HS-DEA-0000011,Prime Health 5 - Growth,50663.19,closedwon,default,2025-07-15,2025-04-20 07:17:48,100.0,HS-OWN-0006,"[""HS-COMP-000005""]","{""service_line"":""Social""}"
HS-DEA-0000012,Prime Health 5 - Campaign,110933.68,appointmentscheduled,default,2024-07-08,2024-04-29 14:18:07,25.0,HS-OWN-0006,"[""HS-COMP-000005""]","{""service_line"":""Analytics""}"
HS-DEA-0000013,Blue Digital 6 - Retainer,43302.89,closedwon,default,2025-03-24,2025-01-29 03:21:24,100.0,HS-OWN-0003,"[""HS-COMP-000006""]","{""service_line"":""Paid Media""}"
HS-DEA-0000014,Nova Retail 7 - Growth,25371.8,qualifiedtobuy,default,2024-11-09,2024-08-09 11:59:13,55.0,HS-OWN-0006,"[""HS-COMP-000007""]","{""service_line"":""Analytics""}"
HS-DEA-0000015,Nova Retail 7 - Campaign,83330.35,closedlost,default,2025-10-14,2025-07-28 11:32:39,0.0,HS-OWN-0006,"[""HS-COMP-000007""]","{""service_line"":""Email""}"
HS-DEA-0000016,North Digital 8 - Campaign,16902.72,appointmentscheduled,default,2025-05-25,2025-04-21 03:53:41,25.0,HS-OWN-0006,"[""HS-COMP-000008""]","{""service_line"":""Analytics""}"
HS-DEA-0000017,North Digital 8 - Retainer,9501.34,appointmentscheduled,default,2025-04-04,2024-12-19 11:52:29,25.0,HS-OWN-0006,"[""HS-COMP-000008""]","{""service_line"":""Social""}"
HS-DEA-0000018,North Digital 8 - Rebuild,47877.98,qualifiedtobuy,default,2025-05-12,2025-03-02 18:08:11,55.0,HS-OWN-0006,"[""HS-COMP-000008""]","{""service_line"":""Content""}"
HS-DEA-0000019,North Digital 8 - Growth,95761.1,closedwon,default,2025-03-30,2025-01-22 15:41:56,100.0,HS-OWN-0006,"[""HS-COMP-000008""]","{""service_line"":""Social""}"
HS-DEA-0000020,North Retail 9 - Retainer,82063.39,closedwon,default,2025-12-03,2025-08-09 13:18:52,100.0,HS-OWN-0009,"[""HS-COMP-000009""]","{""service_line"":""Analytics""}"
HS-DEA-0000021,North Retail 9 - Campaign,63476.18,appointmentscheduled,default,2026-02-01,2025-10-22 13:29:19,25.0,HS-OWN-0009,"[""HS-COMP-000009""]","{""service_line"":""SEO""}"
HS-DEA-0000022,North Retail 9 - Retainer,44299.22,qualifiedtobuy,default,2025-02-26,2025-01-03 09:02:28,55.0,HS-OWN-0009,"[""HS-COMP-000009""]","{""service_line"":""Analytics""}"
HS-DEA-0000023,North Retail 9 - Retainer,22818.69,qualifiedtobuy,default,2025-05-18,2025-04-09 10:28:40,55.0,HS-OWN-0009,"[""HS-COMP-000009""]","{""service_line"":""Content""}"
HS-DEA-0000024,Nova Capital 10 - Campaign,10024.63,qualifiedtobuy,default,2026-04-15,2026-01-02 11:07:33,55.0,HS-OWN-0001,"[""HS-COMP-000010""]","{""service_line"":""Content""}"
HS-DEA-0000025,Nova Capital 10 - Campaign,75218.47,qualifiedtobuy,default,2025-12-20,2025-09-04 02:02:58,55.0,HS-OWN-0001,"[""HS-COMP-000010""]","{""service_line"":""Analytics""}"
HS-DEA-0000026,Prime Capital 11 - Campaign,109110.21,closedwon,default,2025-12-15,2025-11-10 11:15:34,100.0,HS-OWN-0008,"[""HS-COMP-000011""]","{""service_line"":""Paid Media""}"
HS-DEA-0000027,Bright Labs 12 - Growth,7185.45,appointmentscheduled,default,2025-06-12,2025-03-11 04:16:06,25.0,HS-OWN-0007,"[""HS-COMP-000012""]","{""service_line"":""Paid Media""}"
HS-DEA-0000028,Bright Labs 12 - Growth,94259.85,closedlost,default,2026-02-08,2026-01-05 06:34:16,0.0,HS-OWN-0007,"[""HS-COMP-000012""]","{""service_line"":""Paid Media""}"
HS-DEA-0000029,Bright Labs 12 - Retainer,53279.94,appointmentscheduled,default,2024-12-16,2024-11-16 15:35:45,25.0,HS-OWN-0007,"[""HS-COMP-000012""]","{""service_line"":""Analytics""}"
HS-DEA-0000030,Bright Labs 12 - Growth,101219.09,appointmentscheduled,default,2025-10-05,2025-07-24 11:45:40,25.0,HS-OWN-0007,"[""HS-COMP-000012""]","{""service_line"":""Web Dev""}"
HS-DEA-0000031,North Digital 13 - Retainer,10098.6,closedwon,default,2026-02-13,2025-11-16 23:33:31,100.0,HS-OWN-0005,"[""HS-COMP-000013""]","{""service_line"":""Email""}"
HS-DEA-0000032,Blue Digital 14 - Rebuild,36419.91,appointmentscheduled,default,2025-01-03,2024-11-04 23:13:28,25.0,HS-OWN-0008,"[""HS-COMP-000014""]","{""service_line"":""Analytics""}"
HS-DEA-0000033,Blue Digital 14 - Campaign,107883.31,closedlost,default,2025-03-18,2025-01-07 14:06:19,0.0,HS-OWN-0008,"[""HS-COMP-000014""]","{""service_line"":""Web Dev""}"
HS-DEA-0000034,Blue Labs 15 - Rebuild,56419.91,closedlost,default,2024-11-15,2024-08-04 04:12:52,0.0,HS-OWN-0008,"[""HS-COMP-000015""]","{""service_line"":""Social""}"
HS-DEA-0000035,Blue Labs 15 - Rebuild,78538.97,closedlost,default,2026-04-02,2026-02-01 12:23:57,0.0,HS-OWN-0008,"[""HS-COMP-000015""]","{""service_line"":""Analytics""}"
HS-DEA-0000036,Blue Labs 15 - Rebuild,64004.89,closedlost,default,2024-06-04,2024-05-11 06:57:45,0.0,HS-OWN-0008,"[""HS-COMP-000015""]","{""service_line"":""Social""}"
HS-DEA-0000037,Blue Labs 15 - Retainer,102596.97,appointmentscheduled,default,2025-10-11,2025-09-06 10:51:45,25.0,HS-OWN-0008,"[""HS-COMP-000015""]","{""service_line"":""Social""}"
HS-DEA-0000038,Nova Retail 16 - Growth,35104.32,closedlost,default,2025-07-09,2025-04-19 08:35:04,0.0,HS-OWN-0009,"[""HS-COMP-000016""]","{""service_line"":""Content""}"
HS-DEA-0000039,Nova Retail 16 - Rebuild,84807.77,qualifiedtobuy,default,2025-12-06,2025-09-25 13:56:48,55.0,HS-OWN-0009,"[""HS-COMP-000016""]","{""service_line"":""Web Dev""}"
HS-DEA-0000040,Prime Health 17 - Growth,118290.24,qualifiedtobuy,default,2026-02-03,2025-12-04 05:18:13,55.0,HS-OWN-0009,"[""HS-COMP-000017""]","{""service_line"":""Analytics""}"
HS-DEA-0000041,Prime Health 17 - Growth,46503.1,closedlost,default,2024-08-27,2024-07-13 14:35:00,0.0,HS-OWN-0009,"[""HS-COMP-000017""]","{""service_line"":""Email""}"
HS-DEA-0000042,North Digital 18 - Growth,100609.94,closedlost,default,2025-12-15,2025-11-14 02:13:04,0.0,HS-OWN-0001,"[""HS-COMP-000018""]","{""service_line"":""Email""}"
HS-DEA-0000043,North Digital 18 - Retainer,42105.99,qualifiedtobuy,default,2024-09-15,2024-07-24 14:08:45,55.0,HS-OWN-0001,"[""HS-COMP-000018""]","{""service_line"":""Social""}"
HS-DEA-0000044,Bright Labs 19 - Growth,99902.17,closedwon,default,2024-11-14,2024-08-07 17:08:30,100.0,HS-OWN-0004,"[""HS-COMP-000019""]","{""service_line"":""SEO""}"
HS-DEA-0000045,Bright Labs 19 - Retainer,93200.29,closedwon,default,2024-06-18,2024-05-29 19:50:04,100.0,HS-OWN-0004,"[""HS-COMP-000019""]","{""service_line"":""Web Dev""}"
HS-DEA-0000046,Nova Capital 20 - Retainer,21200.93,closedlost,default,2024-08-18,2024-06-30 21:42:17,0.0,HS-OWN-0008,"[""HS-COMP-000020""]","{""service_line"":""SEO""}"
HS-DEA-0000047,Nova Capital 20 - Retainer,115708.87,closedlost,default,2025-01-11,2024-11-08 03:40:28,0.0,HS-OWN-0008,"[""HS-COMP-000020""]","{""service_line"":""Paid Media""}"
HS-DEA-0000048,Nova Capital 20 - Retainer,92758.96,closedwon,default,2026-02-13,2025-12-19 14:03:25,100.0,HS-OWN-0008,"[""HS-COMP-000020""]","{""service_line"":""Web Dev""}"
HS-DEA-0000049,Nova Capital 20 - Rebuild,62197.58,closedlost,default,2025-07-14,2025-05-01 12:53:50,0.0,HS-OWN-0008,"[""HS-COMP-000020""]","{""service_line"":""SEO""}"
HS-DEA-0000050,Prime Labs 21 - Growth,49430.11,closedwon,default,2025-03-29,2025-01-03 07:39:49,100.0,HS-OWN-0002,"[""HS-COMP-000021""]","{""service_line"":""Web Dev""}"
HS-DEA-0000051,Prime Labs 21 - Growth,19796.29,closedwon,default,2026-02-04,2025-11-11 11:15:22,100.0,HS-OWN-0002,"[""HS-COMP-000021""]","{""service_line"":""SEO""}"
HS-DEA-0000052,Nova Capital 22 - Rebuild,59612.65,closedlost,default,2025-07-14,2025-04-25 18:46:03,0.0,HS-OWN-0007,"[""HS-COMP-000022""]","{""service_line"":""SEO""}"
HS-DEA-0000053,Nova Capital 22 - Campaign,72125.75,appointmentscheduled,default,2025-03-05,2025-01-07 20:25:05,25.0,HS-OWN-0007,"[""HS-COMP-000022""]","{""service_line"":""Analytics""}"
HS-DEA-0000054,Nova Capital 22 - Campaign,35536.0,appointmentscheduled,default,2026-06-10,2026-02-23 19:57:50,25.0,HS-OWN-0007,"[""HS-COMP-000022""]","{""service_line"":""Social""}"
HS-DEA-0000055,Blue Labs 23 - Retainer,57861.31,closedwon,default,2025-07-11,2025-05-09 21:20:05,100.0,HS-OWN-0009,"[""HS-COMP-000023""]","{""service_line"":""Email""}"
HS-DEA-0000056,Blue Labs 23 - Rebuild,75158.81,closedwon,default,2025-03-12,2024-12-18 15:10:08,100.0,HS-OWN-0009,"[""HS-COMP-000023""]","{""service_line"":""Paid Media""}"
HS-DEA-0000057,Blue Labs 23 - Retainer,113270.84,closedwon,default,2024-11-24,2024-10-05 05:10:50,100.0,HS-OWN-0009,"[""HS-COMP-000023""]","{""service_line"":""Content""}"
HS-DEA-0000058,Blue Labs 23 - Campaign,41459.69,qualifiedtobuy,default,2026-01-06,2025-11-16 17:27:40,55.0,HS-OWN-0009,"[""HS-COMP-000023""]","{""service_line"":""Content""}"
HS-DEA-0000059,North Capital 24 - Growth,83337.08,closedlost,default,2025-04-09,2025-02-11 18:13:36,0.0,HS-OWN-0003,"[""HS-COMP-000024""]","{""service_line"":""Paid Media""}"
HS-DEA-0000060,Nova Capital 25 - Retainer,66542.51,appointmentscheduled,default,2026-06-23,2026-03-02 22:54:08,25.0,HS-OWN-0004,"[""HS-COMP-000025""]","{""service_line"":""Social""}"
HS-DEA-0000061,Blue Digital 26 - Rebuild,37724.59,appointmentscheduled,default,2025-09-11,2025-06-11 21:18:26,25.0,HS-OWN-0009,"[""HS-COMP-000026""]","{""service_line"":""Social""}"
HS-DEA-0000062,Blue Digital 26 - Retainer,102871.87,closedlost,default,2025-08-13,2025-05-23 17:35:09,0.0,HS-OWN-0009,"[""HS-COMP-000026""]","{""service_line"":""Web Dev""}"
HS-DEA-0000063,Blue Digital 26 - Rebuild,23686.84,appointmentscheduled,default,2024-12-03,2024-10-25 15:46:57,25.0,HS-OWN-0009,"[""HS-COMP-000026""]","{""service_line"":""Web Dev""}"
HS-DEA-0000064,North Capital 27 - Rebuild,114714.0,closedlost,default,2025-03-05,2025-01-19 16:04:32,0.0,HS-OWN-0010,"[""HS-COMP-000027""]","{""service_line"":""Content""}"
HS-DEA-0000065,North Capital 27 - Rebuild,80173.59,appointmentscheduled,default,2025-10-08,2025-06-23 03:35:10,25.0,HS-OWN-0010,"[""HS-COMP-000027""]","{""service_line"":""Social""}"
HS-DEA-0000066,North Capital 27 - Campaign,40282.73,appointmentscheduled,default,2024-10-19,2024-09-27 06:43:48,25.0,HS-OWN-0010,"[""HS-COMP-000027""]","{""service_line"":""Web Dev""}"
HS-DEA-0000067,Nova Digital 28 - Growth,83233.95,closedlost,default,2024-09-27,2024-08-02 12:55:32,0.0,HS-OWN-0006,"[""HS-COMP-000028""]","{""service_line"":""Social""}"
HS-DEA-0000068,Nova Digital 28 - Campaign,97999.59,appointmentscheduled,default,2025-09-08,2025-06-23 16:23:29,25.0,HS-OWN-0006,"[""HS-COMP-000028""]","{""service_line"":""Web Dev""}"
HS-DEA-0000069,Bright Capital 29 - Growth,118405.78,appointmentscheduled,default,2025-10-15,2025-09-22 17:51:04,25.0,HS-OWN-0002,"[""HS-COMP-000029""]","{""service_line"":""Web Dev""}"
HS-DEA-0000070,Bright Capital 29 - Retainer,93431.79,closedlost,default,2024-06-11,2024-04-21 09:18:42,0.0,HS-OWN-0002,"[""HS-COMP-000029""]","{""service_line"":""Analytics""}"
HS-DEA-0000071,Bright Capital 29 - Rebuild,119178.51,closedlost,default,2025-11-24,2025-08-08 00:37:24,0.0,HS-OWN-0002,"[""HS-COMP-000029""]","{""service_line"":""Web Dev""}"
HS-DEA-0000072,Nova Health 30 - Growth,98089.99,appointmentscheduled,default,2026-05-23,2026-02-05 12:47:37,25.0,HS-OWN-0006,"[""HS-COMP-000030""]","{""service_line"":""Web Dev""}"
HS-DEA-0000073,Nova Health 30 - Retainer,28699.39,appointmentscheduled,default,2025-11-08,2025-07-18 08:43:48,25.0,HS-OWN-0006,"[""HS-COMP-000030""]","{""service_line"":""SEO""}"
HS-DEA-0000074,Bright Digital 31 - Rebuild,85075.47,closedlost,default,2024-07-01,2024-05-03 03:42:49,0.0,HS-OWN-0009,"[""HS-COMP-000031""]","{""service_line"":""Web Dev""}"
HS-DEA-0000075,Bright Digital 31 - Retainer,91757.85,closedlost,default,2024-09-12,2024-07-21 15:20:55,0.0,HS-OWN-0009,"[""HS-COMP-000031""]","{""service_line"":""Web Dev""}"
HS-DEA-0000076,Bright Digital 31 - Retainer,97664.26,closedwon,default,2024-11-12,2024-09-30 21:42:12,100.0,HS-OWN-0009,"[""HS-COMP-000031""]","{""service_line"":""SEO""}"
HS-DEA-0000077,Bright Digital 31 - Retainer,49668.19,closedlost,default,2025-08-13,2025-06-07 13:21:53,0.0,HS-OWN-0009,"[""HS-COMP-000031""]","{""service_line"":""Content""}"
HS-DEA-0000078,North Health 32 - Rebuild,115057.27,closedwon,default,2025-05-15,2025-04-04 02:17:11,100.0,HS-OWN-0002,"[""HS-COMP-000032""]","{""service_line"":""SEO""}"
HS-DEA-0000079,North Health 32 - Campaign,110160.75,appointmentscheduled,default,2024-10-17,2024-09-08 06:06:49,25.0,HS-OWN-0002,"[""HS-COMP-000032""]","{""service_line"":""Social""}"
HS-DEA-0000080,Bright Digital 33 - Retainer,62419.67,closedlost,default,2025-01-21,2024-12-08 22:51:55,0.0,HS-OWN-0005,"[""HS-COMP-000033""]","{""service_line"":""Social""}"
HS-DEA-0000081,Bright Digital 33 - Campaign,116148.45,closedwon,default,2025-11-07,2025-09-10 16:11:49,100.0,HS-OWN-0005,"[""HS-COMP-000033""]","{""service_line"":""Social""}"
HS-DEA-0000082,North Health 34 - Growth,66204.44,appointmentscheduled,default,2025-11-06,2025-08-21 19:40:54,25.0,HS-OWN-0008,"[""HS-COMP-000034""]","{""service_line"":""Web Dev""}"
HS-DEA-0000083,North Health 34 - Rebuild,6971.4,closedwon,default,2024-04-22,2024-04-05 22:38:56,100.0,HS-OWN-0008,"[""HS-COMP-000034""]","{""service_line"":""Analytics""}"
HS-DEA-0000084,North Health 34 - Retainer,17306.89,closedlost,default,2025-12-30,2025-09-20 18:46:00,0.0,HS-OWN-0008,"[""HS-COMP-000034""]","{""service_line"":""SEO""}"
HS-DEA-0000085,North Health 34 - Retainer,76274.8,qualifiedtobuy,default,2025-06-12,2025-05-09 00:58:59,55.0,HS-OWN-0008,"[""HS-COMP-000034""]","{""service_line"":""Content""}"
HS-DEA-0000086,North Digital 35 - Campaign,102212.93,appointmentscheduled,default,2025-10-30,2025-09-24 15:42:50,25.0,HS-OWN-0006,"[""HS-COMP-000035""]","{""service_line"":""Social""}"
HS-DEA-0000087,Bright Retail 36 - Campaign,82859.02,qualifiedtobuy,default,2024-10-26,2024-07-31 22:01:22,55.0,HS-OWN-0004,"[""HS-COMP-000036""]","{""service_line"":""Email""}"
HS-DEA-0000088,Bright Retail 36 - Growth,62591.18,qualifiedtobuy,default,2025-02-12,2024-12-10 09:37:23,55.0,HS-OWN-0004,"[""HS-COMP-000036""]","{""service_line"":""Content""}"
HS-DEA-0000089,Bright Retail 36 - Retainer,101447.59,closedlost,default,2024-06-04,2024-05-08 10:42:17,0.0,HS-OWN-0004,"[""HS-COMP-000036""]","{""service_line"":""Content""}"
HS-DEA-0000090,North Retail 37 - Rebuild,92554.85,closedlost,default,2024-05-24,2024-03-31 18:34:36,0.0,HS-OWN-0003,"[""HS-COMP-000037""]","{""service_line"":""SEO""}"
HS-DEA-0000091,North Health 38 - Growth,88357.04,closedlost,default,2025-01-15,2024-11-09 10:09:35,0.0,HS-OWN-0002,"[""HS-COMP-000038""]","{""service_line"":""Email""}"
HS-DEA-0000092,Bright Health 39 - Rebuild,33945.47,appointmentscheduled,default,2025-01-30,2024-11-15 13:31:04,25.0,HS-OWN-0004,"[""HS-COMP-000039""]","{""service_line"":""Paid Media""}"
HS-DEA-0000093,Bright Health 39 - Retainer,57654.09,closedlost,default,2026-01-11,2025-10-08 16:16:14,0.0,HS-OWN-0004,"[""HS-COMP-000039""]","{""service_line"":""Paid Media""}"
HS-DEA-0000094,Bright Health 39 - Rebuild,101785.54,closedlost,default,2024-12-04,2024-11-19 08:58:03,0.0,HS-OWN-0004,"[""HS-COMP-000039""]","{""service_line"":""Web Dev""}"
HS-DEA-0000095,Bright Health 39 - Rebuild,54520.87,closedlost,default,2026-02-07,2025-12-12 06:48:08,0.0,HS-OWN-0004,"[""HS-COMP-000039""]","{""service_line"":""Analytics""}"
HS-DEA-0000096,Bright Health 40 - Campaign,21005.6,closedlost,default,2026-04-18,2025-12-23 20:21:19,0.0,HS-OWN-0009,"[""HS-COMP-000040""]","{""service_line"":""Content""}"
HS-DEA-0000097,North Digital 41 - Rebuild,24128.93,qualifiedtobuy,default,2024-10-11,2024-06-20 16:31:28,55.0,HS-OWN-0001,"[""HS-COMP-000041""]","{""service_line"":""Email""}"
HS-DEA-0000098,Nova Digital 42 - Campaign,93819.36,closedlost,default,2025-05-09,2025-03-08 23:38:43,0.0,HS-OWN-0007,"[""HS-COMP-000042""]","{""service_line"":""Email""}"
HS-DEA-0000099,Nova Digital 42 - Rebuild,119735.81,qualifiedtobuy,default,2025-12-03,2025-09-15 00:24:54,55.0,HS-OWN-0007,"[""HS-COMP-000042""]","{""service_line"":""Web Dev""}"
HS-DEA-0000100,North Health 43 - Campaign,16226.65,closedwon,default,2025-07-21,2025-05-06 12:00:55,100.0,HS-OWN-0002,"[""HS-COMP-000043""]","{""service_line"":""Social""}"
HS-DEA-0000101,North Health 43 - Growth,39530.37,closedwon,default,2025-11-30,2025-09-19 22:20:22,100.0,HS-OWN-0002,"[""HS-COMP-000043""]","{""service_line"":""Analytics""}"
HS-DEA-0000102,Bright Capital 44 - Retainer,26434.5,closedlost,default,2025-05-04,2025-03-21 15:02:40,0.0,HS-OWN-0007,"[""HS-COMP-000044""]","{""service_line"":""Social""}"
HS-DEA-0000103,Bright Capital 44 - Retainer,56701.13,appointmentscheduled,default,2025-05-02,2025-02-26 09:18:03,25.0,HS-OWN-0007,"[""HS-COMP-000044""]","{""service_line"":""Web Dev""}"
HS-DEA-0000104,Bright Capital 44 - Retainer,37009.66,qualifiedtobuy,default,2025-02-07,2025-01-23 18:09:18,55.0,HS-OWN-0007,"[""HS-COMP-000044""]","{""service_line"":""Social""}"
HS-DEA-0000105,Bright Capital 44 - Growth,96942.77,appointmentscheduled,default,2026-04-10,2025-12-15 21:32:48,25.0,HS-OWN-0007,"[""HS-COMP-000044""]","{""service_line"":""Email""}"
HS-DEA-0000106,North Digital 45 - Growth,82292.66,closedwon,default,2025-08-26,2025-07-20 06:12:19,100.0,HS-OWN-0005,"[""HS-COMP-000045""]","{""service_line"":""Content""}"
HS-DEA-0000107,North Digital 45 - Growth,26050.12,closedwon,default,2024-08-11,2024-06-27 06:49:52,100.0,HS-OWN-0005,"[""HS-COMP-000045""]","{""service_line"":""Social""}"
HS-DEA-0000108,North Digital 45 - Campaign,73588.97,closedlost,default,2024-10-03,2024-07-15 12:50:42,0.0,HS-OWN-0005,"[""HS-COMP-000045""]","{""service_line"":""Email""}"
HS-DEA-0000109,North Digital 45 - Campaign,78082.69,qualifiedtobuy,default,2025-03-29,2025-01-19 18:36:10,55.0,HS-OWN-0005,"[""HS-COMP-000045""]","{""service_line"":""Social""}"
HS-DEA-0000110,Nova Health 46 - Campaign,86666.37,closedlost,default,2025-05-21,2025-02-08 12:32:52,0.0,HS-OWN-0008,"[""HS-COMP-000046""]","{""service_line"":""Web Dev""}"
HS-DEA-0000111,Nova Health 46 - Growth,96526.3,appointmentscheduled,default,2025-05-17,2025-04-11 07:45:00,25.0,HS-OWN-0008,"[""HS-COMP-000046""]","{""service_line"":""Paid Media""}"
HS-DEA-0000112,Nova Health 46 - Retainer,66824.99,closedwon,default,2024-11-28,2024-11-09 14:40:53,100.0,HS-OWN-0008,"[""HS-COMP-000046""]","{""service_line"":""Paid Media""}"
HS-DEA-0000113,Nova Health 46 - Growth,70862.12,closedlost,default,2026-02-05,2025-11-24 03:46:58,0.0,HS-OWN-0008,"[""HS-COMP-000046""]","{""service_line"":""Content""}"
HS-DEA-0000114,Bright Digital 47 - Rebuild,117585.02,qualifiedtobuy,default,2025-07-04,2025-05-15 04:09:50,55.0,HS-OWN-0010,"[""HS-COMP-000047""]","{""service_line"":""Content""}"
HS-DEA-0000115,Bright Digital 47 - Growth,20592.72,closedwon,default,2025-02-03,2024-11-07 11:17:36,100.0,HS-OWN-0010,"[""HS-COMP-000047""]","{""service_line"":""Analytics""}"
HS-DEA-0000116,Bright Digital 47 - Rebuild,104710.47,appointmentscheduled,default,2026-02-03,2025-11-28 00:04:24,25.0,HS-OWN-0010,"[""HS-COMP-000047""]","{""service_line"":""Paid Media""}"
HS-DEA-0000117,Blue Labs 48 - Rebuild,57290.0,closedwon,default,2025-04-24,2025-02-03 15:24:48,100.0,HS-OWN-0008,"[""HS-COMP-000048""]","{""service_line"":""Web Dev""}"
HS-DEA-0000118,Prime Retail 49 - Growth,19287.28,closedlost,default,2024-05-29,2024-05-02 10:10:08,0.0,HS-OWN-0001,"[""HS-COMP-000049""]","{""service_line"":""Analytics""}"
HS-DEA-0000119,Nova Capital 50 - Retainer,54361.56,closedwon,default,2024-07-10,2024-05-06 23:06:56,100.0,HS-OWN-0009,"[""HS-COMP-000050""]","{""service_line"":""SEO""}"
HS-DEA-0000120,Nova Capital 50 - Retainer,59832.77,appointmentscheduled,default,2025-10-22,2025-09-25 07:36:47,25.0,HS-OWN-0009,"[""HS-COMP-000050""]","{""service_line"":""Paid Media""}"
HS-DEA-0000121,Nova Digital 51 - Campaign,75848.74,qualifiedtobuy,default,2025-11-20,2025-10-09 20:50:23,55.0,HS-OWN-0006,"[""HS-COMP-000051""]","{""service_line"":""Web Dev""}"
HS-DEA-0000122,Nova Digital 51 - Growth,21101.51,appointmentscheduled,default,2026-03-07,2026-01-24 16:35:39,25.0,HS-OWN-0006,"[""HS-COMP-000051""]","{""service_line"":""SEO""}"
HS-DEA-0000123,Nova Digital 51 - Rebuild,115773.6,closedlost,default,2025-10-14,2025-06-28 16:11:06,0.0,HS-OWN-0006,"[""HS-COMP-000051""]","{""service_line"":""Content""}"
HS-DEA-0000124,Prime Retail 52 - Campaign,49376.84,qualifiedtobuy,default,2026-03-22,2025-11-26 12:51:05,55.0,HS-OWN-0008,"[""HS-COMP-000052""]","{""service_line"":""Paid Media""}"
HS-DEA-0000125,Prime Retail 53 - Rebuild,14613.66,qualifiedtobuy,default,2024-09-03,2024-05-30 18:17:47,55.0,HS-OWN-0008,"[""HS-COMP-000053""]","{""service_line"":""SEO""}"
HS-DEA-0000126,Prime Retail 53 - Rebuild,49934.12,qualifiedtobuy,default,2025-06-08,2025-04-28 21:08:28,55.0,HS-OWN-0008,"[""HS-COMP-000053""]","{""service_line"":""Social""}"
HS-DEA-0000127,Prime Retail 53 - Rebuild,85347.73,appointmentscheduled,default,2026-02-16,2025-11-10 13:15:35,25.0,HS-OWN-0008,"[""HS-COMP-000053""]","{""service_line"":""Social""}"
HS-DEA-0000128,Prime Retail 53 - Retainer,14914.47,appointmentscheduled,default,2026-02-28,2026-01-14 05:02:24,25.0,HS-OWN-0008,"[""HS-COMP-000053""]","{""service_line"":""Web Dev""}"
HS-DEA-0000129,Blue Retail 54 - Rebuild,24200.74,closedwon,default,2024-10-18,2024-08-01 23:47:32,100.0,HS-OWN-0004,"[""HS-COMP-000054""]","{""service_line"":""Paid Media""}"
HS-DEA-0000130,Nova Capital 55 - Retainer,90189.7,appointmentscheduled,default,2026-05-19,2026-02-20 08:06:08,25.0,HS-OWN-0001,"[""HS-COMP-000055""]","{""service_line"":""SEO""}"
HS-DEA-0000131,Nova Capital 56 - Campaign,110323.3,qualifiedtobuy,default,2024-11-13,2024-09-18 02:59:58,55.0,HS-OWN-0001,"[""HS-COMP-000056""]","{""service_line"":""Content""}"
HS-DEA-0000132,Nova Capital 56 - Rebuild,18731.11,appointmentscheduled,default,2025-02-21,2024-10-24 10:20:44,25.0,HS-OWN-0001,"[""HS-COMP-000056""]","{""service_line"":""Social""}"
HS-DEA-0000133,Nova Capital 56 - Retainer,97498.87,qualifiedtobuy,default,2026-03-19,2026-02-26 07:07:47,55.0,HS-OWN-0001,"[""HS-COMP-000056""]","{""service_line"":""SEO""}"
HS-DEA-0000134,Nova Capital 56 - Rebuild,93955.66,closedlost,default,2025-02-25,2025-02-02 03:30:42,0.0,HS-OWN-0001,"[""HS-COMP-000056""]","{""service_line"":""Content""}"
HS-DEA-0000135,Nova Retail 57 - Growth,114363.88,closedwon,default,2024-12-17,2024-09-24 17:07:24,100.0,HS-OWN-0004,"[""HS-COMP-000057""]","{""service_line"":""SEO""}"
HS-DEA-0000136,North Capital 58 - Rebuild,111494.82,closedwon,default,2024-11-18,2024-09-27 15:28:33,100.0,HS-OWN-0010,"[""HS-COMP-000058""]","{""service_line"":""Web Dev""}"
HS-DEA-0000137,North Capital 58 - Rebuild,57067.15,closedwon,default,2026-01-10,2025-09-23 00:12:10,100.0,HS-OWN-0010,"[""HS-COMP-000058""]","{""service_line"":""Paid Media""}"
HS-DEA-0000138,North Capital 59 - Campaign,40455.39,qualifiedtobuy,default,2025-07-17,2025-05-18 00:05:18,55.0,HS-OWN-0001,"[""HS-COMP-000059""]","{""service_line"":""Content""}"
HS-DEA-0000139,Bright Capital 60 - Rebuild,99310.31,closedwon,default,2025-05-21,2025-04-30 13:18:46,100.0,HS-OWN-0002,"[""HS-COMP-000060""]","{""service_line"":""Paid Media""}"
HS-DEA-0000140,Bright Capital 60 - Retainer,15893.41,closedlost,default,2024-06-25,2024-04-20 21:08:34,0.0,HS-OWN-0002,"[""HS-COMP-000060""]","{""service_line"":""SEO""}"
HS-DEA-0000141,Bright Capital 60 - Growth,6375.05,qualifiedtobuy,default,2026-04-07,2025-12-12 03:27:08,55.0,HS-OWN-0002,"[""HS-COMP-000060""]","{""service_line"":""Analytics""}"
HS-DEA-0000142,Bright Capital 60 - Retainer,99722.44,qualifiedtobuy,default,2026-01-06,2025-11-24 07:52:48,55.0,HS-OWN-0002,"[""HS-COMP-000060""]","{""service_line"":""Content""}"
HS-DEA-0000143,Blue Labs 61 - Growth,24318.76,closedlost,default,2024-07-20,2024-06-30 21:48:43,0.0,HS-OWN-0004,"[""HS-COMP-000061""]","{""service_line"":""Email""}"
HS-DEA-0000144,Blue Labs 61 - Campaign,8390.46,closedlost,default,2025-06-27,2025-02-27 04:21:03,0.0,HS-OWN-0004,"[""HS-COMP-000061""]","{""service_line"":""Social""}"
HS-DEA-0000145,Blue Labs 61 - Retainer,109454.98,closedwon,default,2025-03-31,2025-02-22 03:19:28,100.0,HS-OWN-0004,"[""HS-COMP-000061""]","{""service_line"":""Content""}"
HS-DEA-0000146,Nova Retail 62 - Rebuild,109957.86,closedlost,default,2025-06-27,2025-04-04 07:41:48,0.0,HS-OWN-0005,"[""HS-COMP-000062""]","{""service_line"":""Email""}"
HS-DEA-0000147,Nova Retail 62 - Retainer,7997.24,closedwon,default,2025-02-04,2024-12-02 12:52:18,100.0,HS-OWN-0005,"[""HS-COMP-000062""]","{""service_line"":""Email""}"
HS-DEA-0000148,Nova Retail 62 - Growth,97995.2,closedwon,default,2024-10-01,2024-09-13 20:33:47,100.0,HS-OWN-0005,"[""HS-COMP-000062""]","{""service_line"":""Web Dev""}"
HS-DEA-0000149,Nova Labs 63 - Growth,65541.58,qualifiedtobuy,default,2024-06-23,2024-05-10 08:46:40,55.0,HS-OWN-0010,"[""HS-COMP-000063""]","{""service_line"":""SEO""}"
HS-DEA-0000150,Blue Health 64 - Campaign,79655.73,closedlost,default,2024-08-15,2024-07-11 17:22:27,0.0,HS-OWN-0010,"[""HS-COMP-000064""]","{""service_line"":""Paid Media""}"
HS-DEA-0000151,Blue Health 64 - Retainer,81536.14,closedwon,default,2025-12-23,2025-09-28 00:34:33,100.0,HS-OWN-0010,"[""HS-COMP-000064""]","{""service_line"":""Analytics""}"
HS-DEA-0000152,Blue Health 64 - Rebuild,19645.06,closedwon,default,2024-10-12,2024-08-10 22:31:19,100.0,HS-OWN-0010,"[""HS-COMP-000064""]","{""service_line"":""Social""}"
HS-DEA-0000153,Bright Labs 65 - Retainer,44883.16,appointmentscheduled,default,2025-03-29,2024-12-09 23:09:27,25.0,HS-OWN-0006,"[""HS-COMP-000065""]","{""service_line"":""Content""}"
HS-DEA-0000154,Bright Labs 65 - Rebuild,56362.44,appointmentscheduled,default,2024-11-09,2024-08-05 03:22:44,25.0,HS-OWN-0006,"[""HS-COMP-000065""]","{""service_line"":""Content""}"
HS-DEA-0000155,Prime Retail 66 - Campaign,95703.95,appointmentscheduled,default,2025-07-27,2025-05-25 20:21:19,25.0,HS-OWN-0003,"[""HS-COMP-000066""]","{""service_line"":""Email""}"
HS-DEA-0000156,Prime Retail 66 - Retainer,56898.05,qualifiedtobuy,default,2025-12-05,2025-08-15 08:40:58,55.0,HS-OWN-0003,"[""HS-COMP-000066""]","{""service_line"":""Analytics""}"
HS-DEA-0000157,Prime Retail 66 - Growth,41652.44,closedwon,default,2026-02-01,2026-01-13 15:53:10,100.0,HS-OWN-0003,"[""HS-COMP-000066""]","{""service_line"":""SEO""}"
HS-DEA-0000158,Nova Health 67 - Retainer,74841.53,closedlost,default,2025-10-13,2025-09-25 22:38:57,0.0,HS-OWN-0004,"[""HS-COMP-000067""]","{""service_line"":""Web Dev""}"
HS-DEA-0000159,Nova Health 67 - Rebuild,28638.3,appointmentscheduled,default,2024-08-17,2024-07-27 18:21:27,25.0,HS-OWN-0004,"[""HS-COMP-000067""]","{""service_line"":""Paid Media""}"
HS-DEA-0000160,Nova Health 67 - Rebuild,39201.07,closedwon,default,2025-05-23,2025-02-08 15:15:37,100.0,HS-OWN-0004,"[""HS-COMP-000067""]","{""service_line"":""SEO""}"
HS-DEA-0000161,Nova Health 67 - Retainer,11268.06,closedlost,default,2024-07-09,2024-05-05 07:00:09,0.0,HS-OWN-0004,"[""HS-COMP-000067""]","{""service_line"":""SEO""}"
HS-DEA-0000162,Nova Capital 68 - Rebuild,31017.86,closedlost,default,2024-12-28,2024-10-18 05:55:24,0.0,HS-OWN-0001,"[""HS-COMP-000068""]","{""service_line"":""Content""}"
HS-DEA-0000163,Bright Health 69 - Retainer,119685.96,closedlost,default,2025-03-16,2025-02-19 14:00:39,0.0,HS-OWN-0005,"[""HS-COMP-000069""]","{""service_line"":""Social""}"
HS-DEA-0000164,North Capital 70 - Growth,69708.63,appointmentscheduled,default,2024-08-23,2024-07-21 23:15:57,25.0,HS-OWN-0008,"[""HS-COMP-000070""]","{""service_line"":""SEO""}"
HS-DEA-0000165,North Capital 70 - Campaign,35375.71,closedwon,default,2026-01-18,2025-11-28 01:05:27,100.0,HS-OWN-0008,"[""HS-COMP-000070""]","{""service_line"":""Social""}"
HS-DEA-0000166,North Capital 70 - Growth,24802.97,closedlost,default,2025-07-05,2025-04-08 21:41:14,0.0,HS-OWN-0008,"[""HS-COMP-000070""]","{""service_line"":""Web Dev""}"
HS-DEA-0000167,North Capital 70 - Growth,50516.17,closedlost,default,2024-10-19,2024-07-17 11:20:20,0.0,HS-OWN-0008,"[""HS-COMP-000070""]","{""service_line"":""Content""}"
HS-DEA-0000168,Bright Digital 71 - Rebuild,88811.93,closedwon,default,2026-03-18,2025-11-18 22:42:45,100.0,HS-OWN-0008,"[""HS-COMP-000071""]","{""service_line"":""Email""}"
HS-DEA-0000169,Bright Digital 71 - Campaign,29309.91,qualifiedtobuy,default,2025-09-06,2025-08-11 03:44:41,55.0,HS-OWN-0008,"[""HS-COMP-000071""]","{""service_line"":""Analytics""}"
HS-DEA-0000170,Bright Digital 71 - Rebuild,99417.0,closedlost,default,2025-05-26,2025-02-06 23:56:11,0.0,HS-OWN-0008,"[""HS-COMP-000071""]","{""service_line"":""Email""}"
HS-DEA-0000171,Bright Digital 71 - Rebuild,86600.48,appointmentscheduled,default,2026-01-06,2025-12-02 12:10:52,25.0,HS-OWN-0008,"[""HS-COMP-000071""]","{""service_line"":""Web Dev""}"
HS-DEA-0000172,Bright Health 72 - Growth,32822.88,appointmentscheduled,default,2025-06-28,2025-04-24 01:58:08,25.0,HS-OWN-0004,"[""HS-COMP-000072""]","{""service_line"":""Web Dev""}"
HS-DEA-0000173,Bright Health 72 - Campaign,72491.23,qualifiedtobuy,default,2025-09-12,2025-07-02 03:30:21,55.0,HS-OWN-0004,"[""HS-COMP-000072""]","{""service_line"":""Content""}"
HS-DEA-0000174,Bright Health 72 - Growth,37782.98,closedwon,default,2025-01-24,2024-12-20 02:59:50,100.0,HS-OWN-0004,"[""HS-COMP-000072""]","{""service_line"":""Web Dev""}"
HS-DEA-0000175,Bright Health 72 - Retainer,79448.69,qualifiedtobuy,default,2024-06-09,2024-05-05 07:17:36,55.0,HS-OWN-0004,"[""HS-COMP-000072""]","{""service_line"":""Social""}"
HS-DEA-0000176,North Retail 73 - Campaign,39746.69,qualifiedtobuy,default,2025-05-05,2025-03-19 06:04:26,55.0,HS-OWN-0008,"[""HS-COMP-000073""]","{""service_line"":""Email""}"
HS-DEA-0000177,North Retail 73 - Growth,5844.97,closedlost,default,2026-03-31,2025-12-27 23:59:53,0.0,HS-OWN-0008,"[""HS-COMP-000073""]","{""service_line"":""Social""}"
HS-DEA-0000178,North Retail 73 - Rebuild,83707.51,closedwon,default,2026-03-14,2026-01-11 17:40:58,100.0,HS-OWN-0008,"[""HS-COMP-000073""]","{""service_line"":""Web Dev""}"
HS-DEA-0000179,North Health 74 - Growth,80371.07,qualifiedtobuy,default,2025-10-16,2025-08-22 18:54:30,55.0,HS-OWN-0006,"[""HS-COMP-000074""]","{""service_line"":""Content""}"
HS-DEA-0000180,North Health 74 - Campaign,89724.19,closedlost,default,2024-12-22,2024-10-15 05:47:13,0.0,HS-OWN-0006,"[""HS-COMP-000074""]","{""service_line"":""Email""}"
HS-DEA-0000181,North Health 74 - Rebuild,88553.24,qualifiedtobuy,default,2025-12-25,2025-09-28 17:05:34,55.0,HS-OWN-0006,"[""HS-COMP-000074""]","{""service_line"":""Paid Media""}"
HS-DEA-0000182,North Health 74 - Rebuild,63341.21,closedlost,default,2025-12-03,2025-09-11 19:37:39,0.0,HS-OWN-0006,"[""HS-COMP-000074""]","{""service_line"":""Analytics""}"
HS-DEA-0000183,Blue Digital 75 - Rebuild,34964.31,closedwon,default,2025-06-12,2025-02-17 07:54:27,100.0,HS-OWN-0003,"[""HS-COMP-000075""]","{""service_line"":""Content""}"
HS-DEA-0000184,Blue Digital 75 - Growth,104635.24,closedlost,default,2025-04-21,2025-03-22 22:51:19,0.0,HS-OWN-0003,"[""HS-COMP-000075""]","{""service_line"":""Email""}"
HS-DEA-0000185,Blue Digital 75 - Campaign,107284.0,appointmentscheduled,default,2025-09-23,2025-06-21 11:33:04,25.0,HS-OWN-0003,"[""HS-COMP-000075""]","{""service_line"":""Email""}"
HS-DEA-0000186,Prime Health 76 - Growth,61071.8,qualifiedtobuy,default,2024-09-09,2024-07-16 23:37:21,55.0,HS-OWN-0001,"[""HS-COMP-000076""]","{""service_line"":""Social""}"
HS-DEA-0000187,Prime Health 76 - Growth,56986.12,appointmentscheduled,default,2024-10-06,2024-08-12 01:58:26,25.0,HS-OWN-0001,"[""HS-COMP-000076""]","{""service_line"":""Paid Media""}"
HS-DEA-0000188,Prime Health 76 - Retainer,61301.37,qualifiedtobuy,default,2026-03-02,2025-11-08 23:24:07,55.0,HS-OWN-0001,"[""HS-COMP-000076""]","{""service_line"":""Analytics""}"
HS-DEA-0000189,Prime Health 76 - Campaign,77851.07,qualifiedtobuy,default,2025-12-19,2025-11-23 09:22:12,55.0,HS-OWN-0001,"[""HS-COMP-000076""]","{""service_line"":""Web Dev""}"
HS-DEA-0000190,Nova Labs 77 - Rebuild,54871.5,closedlost,default,2025-01-05,2024-11-14 08:37:25,0.0,HS-OWN-0003,"[""HS-COMP-000077""]","{""service_line"":""Social""}"
HS-DEA-0000191,North Digital 78 - Campaign,105802.58,appointmentscheduled,default,2026-01-07,2025-10-01 01:47:01,25.0,HS-OWN-0008,"[""HS-COMP-000078""]","{""service_line"":""Content""}"
HS-DEA-0000192,North Digital 78 - Growth,81126.54,appointmentscheduled,default,2026-02-07,2025-11-16 18:51:59,25.0,HS-OWN-0008,"[""HS-COMP-000078""]","{""service_line"":""Social""}"
HS-DEA-0000193,North Digital 78 - Growth,52929.19,appointmentscheduled,default,2026-01-23,2026-01-06 04:08:15,25.0,HS-OWN-0008,"[""HS-COMP-000078""]","{""service_line"":""Web Dev""}"
HS-DEA-0000194,Blue Retail 79 - Campaign,100525.06,qualifiedtobuy,default,2025-10-24,2025-07-24 11:31:22,55.0,HS-OWN-0004,"[""HS-COMP-000079""]","{""service_line"":""SEO""}"
HS-DEA-0000195,Blue Retail 79 - Rebuild,18111.44,appointmentscheduled,default,2025-08-14,2025-04-29 02:21:44,25.0,HS-OWN-0004,"[""HS-COMP-000079""]","{""service_line"":""SEO""}"
HS-DEA-0000196,Blue Retail 79 - Rebuild,100622.36,qualifiedtobuy,default,2025-05-28,2025-04-18 08:15:34,55.0,HS-OWN-0004,"[""HS-COMP-000079""]","{""service_line"":""Paid Media""}"
HS-DEA-0000197,Blue Capital 80 - Campaign,118696.58,qualifiedtobuy,default,2026-04-16,2026-02-28 12:02:27,55.0,HS-OWN-0010,"[""HS-COMP-000080""]","{""service_line"":""Content""}"
HS-DEA-0000198,Blue Retail 81 - Rebuild,98720.89,appointmentscheduled,default,2026-05-27,2026-02-08 01:42:06,25.0,HS-OWN-0010,"[""HS-COMP-000081""]","{""service_line"":""Paid Media""}"
HS-DEA-0000199,Blue Retail 81 - Campaign,36260.81,closedlost,default,2024-08-29,2024-06-24 03:42:47,0.0,HS-OWN-0010,"[""HS-COMP-000081""]","{""service_line"":""Web Dev""}"
HS-DEA-0000200,Blue Retail 81 - Retainer,18001.5,closedlost,default,2025-11-29,2025-09-14 14:26:39,0.0,HS-OWN-0010,"[""HS-COMP-000081""]","{""service_line"":""Social""}"
HS-DEA-0000201,North Labs 82 - Campaign,110845.77,qualifiedtobuy,default,2026-05-08,2026-01-26 17:18:31,55.0,HS-OWN-0003,"[""HS-COMP-000082""]","{""service_line"":""SEO""}"
HS-DEA-0000202,Bright Capital 83 - Retainer,13609.5,closedlost,default,2025-07-08,2025-04-24 10:11:36,0.0,HS-OWN-0009,"[""HS-COMP-000083""]","{""service_line"":""Web Dev""}"
HS-DEA-0000203,Bright Capital 83 - Rebuild,10790.33,closedwon,default,2025-01-15,2024-12-01 18:46:42,100.0,HS-OWN-0009,"[""HS-COMP-000083""]","{""service_line"":""Paid Media""}"
HS-DEA-0000204,Bright Labs 84 - Campaign,43176.85,qualifiedtobuy,default,2026-01-18,2025-12-28 18:38:34,55.0,HS-OWN-0004,"[""HS-COMP-000084""]","{""service_line"":""Analytics""}"
HS-DEA-0000205,Bright Labs 84 - Rebuild,87330.05,closedlost,default,2025-10-21,2025-07-22 02:51:24,0.0,HS-OWN-0004,"[""HS-COMP-000084""]","{""service_line"":""SEO""}"
HS-DEA-0000206,Bright Labs 84 - Growth,44256.07,qualifiedtobuy,default,2024-10-01,2024-06-11 10:05:18,55.0,HS-OWN-0004,"[""HS-COMP-000084""]","{""service_line"":""Analytics""}"
HS-DEA-0000207,Blue Retail 85 - Growth,111562.05,closedlost,default,2024-10-08,2024-06-19 10:37:47,0.0,HS-OWN-0009,"[""HS-COMP-000085""]","{""service_line"":""Analytics""}"
HS-DEA-0000208,Blue Retail 85 - Campaign,57599.61,appointmentscheduled,default,2025-11-29,2025-08-31 19:21:41,25.0,HS-OWN-0009,"[""HS-COMP-000085""]","{""service_line"":""Email""}"
HS-DEA-0000209,Blue Retail 85 - Growth,65991.9,closedlost,default,2025-05-25,2025-04-23 08:39:17,0.0,HS-OWN-0009,"[""HS-COMP-000085""]","{""service_line"":""SEO""}"
HS-DEA-0000210,Prime Health 86 - Rebuild,110937.05,closedwon,default,2024-10-10,2024-08-30 18:34:29,100.0,HS-OWN-0006,"[""HS-COMP-000086""]","{""service_line"":""Paid Media""}"
HS-DEA-0000211,Prime Health 86 - Rebuild,86690.56,qualifiedtobuy,default,2026-01-06,2025-09-30 12:28:49,55.0,HS-OWN-0006,"[""HS-COMP-000086""]","{""service_line"":""Analytics""}"
HS-DEA-0000212,Bright Capital 87 - Rebuild,98613.02,appointmentscheduled,default,2024-12-22,2024-09-02 04:34:59,25.0,HS-OWN-0009,"[""HS-COMP-000087""]","{""service_line"":""SEO""}"
HS-DEA-0000213,Bright Capital 87 - Campaign,32323.48,qualifiedtobuy,default,2025-10-28,2025-07-19 06:49:54,55.0,HS-OWN-0009,"[""HS-COMP-000087""]","{""service_line"":""Analytics""}"
HS-DEA-0000214,Bright Capital 87 - Growth,111545.75,closedwon,default,2026-04-02,2025-12-06 15:47:11,100.0,HS-OWN-0009,"[""HS-COMP-000087""]","{""service_line"":""Web Dev""}"
HS-DEA-0000215,Nova Labs 88 - Retainer,72158.4,qualifiedtobuy,default,2025-07-21,2025-06-03 01:28:52,55.0,HS-OWN-0009,"[""HS-COMP-000088""]","{""service_line"":""Content""}"
HS-DEA-0000216,Nova Labs 88 - Retainer,9593.17,closedlost,default,2024-05-28,2024-04-01 02:57:49,0.0,HS-OWN-0009,"[""HS-COMP-000088""]","{""service_line"":""Content""}"
HS-DEA-0000217,Nova Labs 88 - Campaign,95839.44,closedwon,default,2025-07-25,2025-07-04 08:23:12,100.0,HS-OWN-0009,"[""HS-COMP-000088""]","{""service_line"":""Email""}"
HS-DEA-0000218,Prime Labs 89 - Growth,18193.02,closedlost,default,2026-02-04,2025-11-02 08:14:59,0.0,HS-OWN-0005,"[""HS-COMP-000089""]","{""service_line"":""Content""}"
HS-DEA-0000219,Prime Labs 89 - Growth,83493.41,qualifiedtobuy,default,2025-04-22,2025-03-08 21:34:13,55.0,HS-OWN-0005,"[""HS-COMP-000089""]","{""service_line"":""Content""}"
HS-DEA-0000220,Nova Retail 90 - Retainer,7731.59,appointmentscheduled,default,2025-12-08,2025-08-11 22:30:15,25.0,HS-OWN-0003,"[""HS-COMP-000090""]","{""service_line"":""Social""}"
HS-DEA-0000221,Nova Retail 90 - Growth,11240.83,appointmentscheduled,default,2024-12-29,2024-12-10 09:21:13,25.0,HS-OWN-0003,"[""HS-COMP-000090""]","{""service_line"":""Analytics""}"
HS-DEA-0000222,Nova Retail 90 - Retainer,109763.46,appointmentscheduled,default,2025-01-03,2024-10-09 09:38:10,25.0,HS-OWN-0003,"[""HS-COMP-000090""]","{""service_line"":""Web Dev""}"
HS-DEA-0000223,Nova Retail 90 - Campaign,41386.49,closedlost,default,2025-04-05,2025-01-23 03:10:58,0.0,HS-OWN-0003,"[""HS-COMP-000090""]","{""service_line"":""Web Dev""}"
HS-DEA-0000224,Prime Labs 91 - Campaign,48862.56,closedwon,default,2025-08-06,2025-07-11 20:56:15,100.0,HS-OWN-0003,"[""HS-COMP-000091""]","{""service_line"":""Analytics""}"
HS-DEA-0000225,Prime Labs 91 - Retainer,66348.79,closedlost,default,2025-09-09,2025-08-22 22:30:12,0.0,HS-OWN-0003,"[""HS-COMP-000091""]","{""service_line"":""Paid Media""}"
HS-DEA-0000226,Prime Labs 91 - Retainer,39276.5,closedwon,default,2026-01-01,2025-10-28 18:13:57,100.0,HS-OWN-0003,"[""HS-COMP-000091""]","{""service_line"":""Analytics""}"
HS-DEA-0000227,Prime Retail 92 - Growth,102909.59,qualifiedtobuy,default,2024-09-23,2024-08-25 16:14:02,55.0,HS-OWN-0009,"[""HS-COMP-000092""]","{""service_line"":""Email""}"
HS-DEA-0000228,Prime Retail 92 - Rebuild,82243.8,appointmentscheduled,default,2025-06-26,2025-03-21 00:20:14,25.0,HS-OWN-0009,"[""HS-COMP-000092""]","{""service_line"":""Content""}"
HS-DEA-0000229,Prime Retail 92 - Rebuild,46070.91,closedlost,default,2024-07-22,2024-06-12 00:21:22,0.0,HS-OWN-0009,"[""HS-COMP-000092""]","{""service_line"":""Social""}"
HS-DEA-0000230,Blue Health 93 - Retainer,86902.9,qualifiedtobuy,default,2024-05-25,2024-03-31 11:48:13,55.0,HS-OWN-0007,"[""HS-COMP-000093""]","{""service_line"":""Social""}"
HS-DEA-0000231,Blue Health 93 - Retainer,83151.72,closedwon,default,2025-04-20,2025-03-01 11:40:21,100.0,HS-OWN-0007,"[""HS-COMP-000093""]","{""service_line"":""Content""}"
HS-DEA-0000232,Nova Capital 94 - Retainer,47069.14,closedlost,default,2025-08-15,2025-05-23 20:43:59,0.0,HS-OWN-0003,"[""HS-COMP-000094""]","{""service_line"":""Paid Media""}"
HS-DEA-0000233,Nova Capital 94 - Retainer,58440.63,closedwon,default,2026-06-11,2026-02-18 03:19:51,100.0,HS-OWN-0003,"[""HS-COMP-000094""]","{""service_line"":""Email""}"
HS-DEA-0000234,Nova Capital 94 - Growth,81208.03,closedwon,default,2024-08-10,2024-06-06 01:46:48,100.0,HS-OWN-0003,"[""HS-COMP-000094""]","{""service_line"":""Analytics""}"
HS-DEA-0000235,Prime Health 95 - Retainer,48315.85,closedwon,default,2026-04-24,2026-01-05 04:52:40,100.0,HS-OWN-0004,"[""HS-COMP-000095""]","{""service_line"":""Web Dev""}"
HS-DEA-0000236,Prime Health 95 - Rebuild,48277.81,appointmentscheduled,default,2025-04-05,2025-01-05 11:21:22,25.0,HS-OWN-0004,"[""HS-COMP-000095""]","{""service_line"":""Paid Media""}"
HS-DEA-0000237,Prime Health 95 - Rebuild,60989.08,closedwon,default,2025-07-07,2025-05-02 19:35:54,100.0,HS-OWN-0004,"[""HS-COMP-000095""]","{""service_line"":""Web Dev""}"
HS-DEA-0000238,Prime Capital 96 - Retainer,11429.88,appointmentscheduled,default,2024-10-13,2024-07-10 09:10:08,25.0,HS-OWN-0003,"[""HS-COMP-000096""]","{""service_line"":""Content""}"
HS-DEA-0000239,Prime Capital 96 - Growth,106028.53,closedlost,default,2026-04-21,2026-03-14 05:23:12,0.0,HS-OWN-0003,"[""HS-COMP-000096""]","{""service_line"":""Social""}"
HS-DEA-0000240,Blue Digital 97 - Retainer,65111.8,appointmentscheduled,default,2024-08-05,2024-07-08 10:21:48,25.0,HS-OWN-0001,"[""HS-COMP-000097""]","{""service_line"":""Email""}"
HS-DEA-0000241,Blue Digital 97 - Growth,25403.55,qualifiedtobuy,default,2025-11-17,2025-09-10 07:16:18,55.0,HS-OWN-0001,"[""HS-COMP-000097""]","{""service_line"":""Email""}"
HS-DEA-0000242,Blue Digital 97 - Growth,60457.71,appointmentscheduled,default,2025-07-25,2025-07-06 15:04:13,25.0,HS-OWN-0001,"[""HS-COMP-000097""]","{""service_line"":""Paid Media""}"
HS-DEA-0000243,Blue Digital 97 - Campaign,65035.09,appointmentscheduled,default,2026-05-29,2026-02-26 07:56:43,25.0,HS-OWN-0001,"[""HS-COMP-000097""]","{""service_line"":""Content""}"
HS-DEA-0000244,Prime Labs 98 - Growth,37575.67,qualifiedtobuy,default,2025-07-24,2025-04-02 08:17:17,55.0,HS-OWN-0006,"[""HS-COMP-000098""]","{""service_line"":""Email""}"
HS-DEA-0000245,Prime Labs 98 - Growth,86552.12,qualifiedtobuy,default,2025-03-27,2025-02-08 03:27:27,55.0,HS-OWN-0006,"[""HS-COMP-000098""]","{""service_line"":""Analytics""}"
HS-DEA-0000246,Prime Labs 98 - Growth,48128.44,appointmentscheduled,default,2024-06-29,2024-04-02 06:20:48,25.0,HS-OWN-0006,"[""HS-COMP-000098""]","{""service_line"":""Paid Media""}"
HS-DEA-0000247,North Health 99 - Campaign,89614.98,closedwon,default,2024-12-03,2024-10-10 20:29:20,100.0,HS-OWN-0002,"[""HS-COMP-000099""]","{""service_line"":""Analytics""}"
HS-DEA-0000248,North Health 99 - Retainer,56358.41,appointmentscheduled,default,2026-05-06,2026-01-27 16:41:56,25.0,HS-OWN-0002,"[""HS-COMP-000099""]","{""service_line"":""Social""}"
HS-DEA-0000249,North Health 99 - Campaign,95399.33,qualifiedtobuy,default,2024-08-27,2024-07-31 09:48:37,55.0,HS-OWN-0002,"[""HS-COMP-000099""]","{""service_line"":""Analytics""}"
HS-DEA-0000250,North Health 99 - Retainer,49746.92,appointmentscheduled,default,2025-08-30,2025-05-29 09:12:55,25.0,HS-OWN-0002,"[""HS-COMP-000099""]","{""service_line"":""Social""}"
HS-DEA-0000251,Bright Labs 100 - Rebuild,86834.67,closedlost,default,2025-12-14,2025-10-11 11:17:28,0.0,HS-OWN-0006,"[""HS-COMP-000100""]","{""service_line"":""Email""}"
HS-DEA-0000252,Prime Digital 101 - Rebuild,32514.51,appointmentscheduled,default,2025-08-23,2025-07-18 13:42:12,25.0,HS-OWN-0003,"[""HS-COMP-000101""]","{""service_line"":""SEO""}"
HS-DEA-0000253,Prime Digital 101 - Campaign,45609.68,closedwon,default,2024-08-23,2024-07-28 00:42:50,100.0,HS-OWN-0003,"[""HS-COMP-000101""]","{""service_line"":""Web Dev""}"
HS-DEA-0000254,Prime Digital 102 - Rebuild,84832.06,closedwon,default,2026-03-01,2025-12-11 09:39:32,100.0,HS-OWN-0004,"[""HS-COMP-000102""]","{""service_line"":""Web Dev""}"
HS-DEA-0000255,Bright Digital 103 - Retainer,107846.37,closedwon,default,2025-05-26,2025-04-01 21:22:06,100.0,HS-OWN-0002,"[""HS-COMP-000103""]","{""service_line"":""Content""}"
HS-DEA-0000256,Bright Digital 103 - Campaign,89767.91,qualifiedtobuy,default,2024-12-04,2024-08-16 17:04:47,55.0,HS-OWN-0002,"[""HS-COMP-000103""]","{""service_line"":""Paid Media""}"
HS-DEA-0000257,Bright Retail 104 - Rebuild,61442.62,closedlost,default,2025-09-15,2025-07-22 19:48:40,0.0,HS-OWN-0008,"[""HS-COMP-000104""]","{""service_line"":""Analytics""}"
HS-DEA-0000258,Bright Retail 104 - Campaign,30540.67,closedwon,default,2026-05-28,2026-03-09 05:20:08,100.0,HS-OWN-0008,"[""HS-COMP-000104""]","{""service_line"":""Email""}"
HS-DEA-0000259,Bright Retail 104 - Campaign,113060.26,closedlost,default,2024-07-26,2024-07-05 08:24:31,0.0,HS-OWN-0008,"[""HS-COMP-000104""]","{""service_line"":""SEO""}"
HS-DEA-0000260,Bright Labs 105 - Campaign,25687.26,closedwon,default,2025-03-12,2025-01-05 07:16:39,100.0,HS-OWN-0007,"[""HS-COMP-000105""]","{""service_line"":""Paid Media""}"
HS-DEA-0000261,Bright Labs 105 - Growth,87893.78,qualifiedtobuy,default,2025-09-28,2025-06-18 01:08:57,55.0,HS-OWN-0007,"[""HS-COMP-000105""]","{""service_line"":""Analytics""}"
HS-DEA-0000262,Bright Labs 105 - Campaign,27547.27,closedlost,default,2024-12-21,2024-09-26 21:27:28,0.0,HS-OWN-0007,"[""HS-COMP-000105""]","{""service_line"":""Analytics""}"
HS-DEA-0000263,North Digital 106 - Campaign,101481.75,closedwon,default,2024-06-24,2024-05-13 08:53:24,100.0,HS-OWN-0006,"[""HS-COMP-000106""]","{""service_line"":""SEO""}"
HS-DEA-0000264,North Digital 106 - Rebuild,46510.63,closedwon,default,2025-06-30,2025-03-12 03:37:56,100.0,HS-OWN-0006,"[""HS-COMP-000106""]","{""service_line"":""Email""}"
HS-DEA-0000265,North Labs 107 - Rebuild,80096.51,closedwon,default,2025-02-01,2024-12-19 15:22:27,100.0,HS-OWN-0001,"[""HS-COMP-000107""]","{""service_line"":""Social""}"
HS-DEA-0000266,North Labs 107 - Rebuild,107084.56,closedlost,default,2025-01-21,2024-10-21 11:46:39,0.0,HS-OWN-0001,"[""HS-COMP-000107""]","{""service_line"":""Analytics""}"
HS-DEA-0000267,Bright Health 108 - Growth,16951.77,closedlost,default,2024-08-08,2024-04-17 05:12:30,0.0,HS-OWN-0007,"[""HS-COMP-000108""]","{""service_line"":""Email""}"
HS-DEA-0000268,Nova Digital 109 - Campaign,20538.21,closedwon,default,2025-06-17,2025-03-25 14:50:54,100.0,HS-OWN-0003,"[""HS-COMP-000109""]","{""service_line"":""Social""}"
HS-DEA-0000269,Nova Digital 109 - Campaign,65197.88,closedlost,default,2025-06-26,2025-05-20 14:46:47,0.0,HS-OWN-0003,"[""HS-COMP-000109""]","{""service_line"":""Social""}"
HS-DEA-0000270,Nova Digital 109 - Campaign,67061.83,closedwon,default,2025-07-09,2025-05-16 08:11:17,100.0,HS-OWN-0003,"[""HS-COMP-000109""]","{""service_line"":""Analytics""}"
HS-DEA-0000271,Nova Digital 109 - Rebuild,52403.44,closedwon,default,2024-08-15,2024-06-05 07:08:19,100.0,HS-OWN-0003,"[""HS-COMP-000109""]","{""service_line"":""Paid Media""}"
HS-DEA-0000272,Prime Labs 110 - Campaign,100269.09,qualifiedtobuy,default,2025-03-15,2025-01-28 08:26:34,55.0,HS-OWN-0004,"[""HS-COMP-000110""]","{""service_line"":""Paid Media""}"
HS-DEA-0000273,Prime Labs 110 - Retainer,64410.16,closedlost,default,2024-11-12,2024-10-18 00:02:18,0.0,HS-OWN-0004,"[""HS-COMP-000110""]","{""service_line"":""Analytics""}"
HS-DEA-0000274,Prime Labs 110 - Rebuild,79572.56,closedwon,default,2026-06-05,2026-03-04 12:30:37,100.0,HS-OWN-0004,"[""HS-COMP-000110""]","{""service_line"":""Email""}"
HS-DEA-0000275,Prime Labs 110 - Retainer,103150.43,closedlost,default,2026-02-02,2025-12-15 23:01:00,0.0,HS-OWN-0004,"[""HS-COMP-000110""]","{""service_line"":""Paid Media""}"
HS-DEA-0000276,Blue Health 111 - Growth,31773.21,closedlost,default,2024-11-22,2024-10-22 19:53:30,0.0,HS-OWN-0002,"[""HS-COMP-000111""]","{""service_line"":""Paid Media""}"
HS-DEA-0000277,Blue Health 111 - Rebuild,53327.95,qualifiedtobuy,default,2024-06-25,2024-04-08 04:13:18,55.0,HS-OWN-0002,"[""HS-COMP-000111""]","{""service_line"":""Analytics""}"
HS-DEA-0000278,Blue Health 111 - Campaign,85147.5,closedwon,default,2026-02-24,2025-12-08 16:47:21,100.0,HS-OWN-0002,"[""HS-COMP-000111""]","{""service_line"":""SEO""}"
HS-DEA-0000279,Bright Labs 112 - Retainer,59374.94,appointmentscheduled,default,2024-11-10,2024-08-29 10:42:46,25.0,HS-OWN-0004,"[""HS-COMP-000112""]","{""service_line"":""Social""}"
HS-DEA-0000280,Blue Capital 113 - Retainer,47710.85,closedlost,default,2024-04-23,2024-04-03 16:11:43,0.0,HS-OWN-0005,"[""HS-COMP-000113""]","{""service_line"":""SEO""}"
HS-DEA-0000281,Blue Capital 113 - Growth,83883.63,closedlost,default,2024-11-10,2024-10-06 22:14:59,0.0,HS-OWN-0005,"[""HS-COMP-000113""]","{""service_line"":""Content""}"
HS-DEA-0000282,Blue Retail 114 - Rebuild,88305.9,closedlost,default,2024-07-25,2024-04-13 07:46:35,0.0,HS-OWN-0003,"[""HS-COMP-000114""]","{""service_line"":""Content""}"
HS-DEA-0000283,Blue Retail 114 - Campaign,69287.85,closedlost,default,2026-03-15,2026-02-23 18:01:27,0.0,HS-OWN-0003,"[""HS-COMP-000114""]","{""service_line"":""Email""}"
HS-DEA-0000284,Prime Labs 115 - Retainer,65268.02,closedlost,default,2025-11-12,2025-08-21 01:08:05,0.0,HS-OWN-0008,"[""HS-COMP-000115""]","{""service_line"":""Web Dev""}"
HS-DEA-0000285,Bright Labs 116 - Growth,46506.5,closedlost,default,2026-03-13,2026-02-16 20:11:45,0.0,HS-OWN-0006,"[""HS-COMP-000116""]","{""service_line"":""Social""}"
HS-DEA-0000286,Bright Labs 116 - Growth,99718.94,closedwon,default,2026-04-26,2026-02-17 08:33:37,100.0,HS-OWN-0006,"[""HS-COMP-000116""]","{""service_line"":""Content""}"
HS-DEA-0000287,Bright Labs 116 - Rebuild,13962.57,appointmentscheduled,default,2025-06-01,2025-05-12 15:23:38,25.0,HS-OWN-0006,"[""HS-COMP-000116""]","{""service_line"":""Paid Media""}"
HS-DEA-0000288,Bright Labs 116 - Retainer,66141.02,appointmentscheduled,default,2025-06-01,2025-05-05 05:38:17,25.0,HS-OWN-0006,"[""HS-COMP-000116""]","{""service_line"":""Paid Media""}"
HS-DEA-0000289,Blue Retail 117 - Campaign,112354.8,qualifiedtobuy,default,2025-06-20,2025-04-23 17:53:10,55.0,HS-OWN-0010,"[""HS-COMP-000117""]","{""service_line"":""Content""}"
HS-DEA-0000290,Blue Retail 117 - Campaign,92881.2,closedwon,default,2025-07-23,2025-05-28 23:59:24,100.0,HS-OWN-0010,"[""HS-COMP-000117""]","{""service_line"":""Web Dev""}"
HS-DEA-0000291,Blue Retail 117 - Retainer,69761.64,closedwon,default,2026-04-15,2025-12-29 10:22:32,100.0,HS-OWN-0010,"[""HS-COMP-000117""]","{""service_line"":""Paid Media""}"
HS-DEA-0000292,Blue Retail 117 - Rebuild,115589.95,closedwon,default,2025-05-06,2025-01-13 01:24:47,100.0,HS-OWN-0010,"[""HS-COMP-000117""]","{""service_line"":""Web Dev""}"
HS-DEA-0000293,North Labs 118 - Retainer,34468.04,qualifiedtobuy,default,2026-05-16,2026-02-16 17:32:57,55.0,HS-OWN-0009,"[""HS-COMP-000118""]","{""service_line"":""Content""}"
HS-DEA-0000294,North Labs 118 - Retainer,89440.58,closedlost,default,2024-09-03,2024-06-07 02:57:59,0.0,HS-OWN-0009,"[""HS-COMP-000118""]","{""service_line"":""Social""}"
HS-DEA-0000295,North Labs 118 - Retainer,61151.79,closedlost,default,2025-03-30,2024-12-04 22:25:45,0.0,HS-OWN-0009,"[""HS-COMP-000118""]","{""service_line"":""Social""}"
HS-DEA-0000296,Blue Health 119 - Retainer,54672.6,appointmentscheduled,default,2025-06-27,2025-03-08 20:37:10,25.0,HS-OWN-0003,"[""HS-COMP-000119""]","{""service_line"":""Analytics""}"
HS-DEA-0000297,Blue Health 119 - Rebuild,14492.69,qualifiedtobuy,default,2025-03-02,2025-01-28 00:25:59,55.0,HS-OWN-0003,"[""HS-COMP-000119""]","{""service_line"":""Email""}"
HS-DEA-0000298,Blue Health 119 - Rebuild,14784.08,closedlost,default,2025-11-17,2025-10-27 15:24:36,0.0,HS-OWN-0003,"[""HS-COMP-000119""]","{""service_line"":""Email""}"
HS-DEA-0000299,Blue Health 119 - Retainer,60306.09,qualifiedtobuy,default,2025-06-22,2025-02-28 05:13:55,55.0,HS-OWN-0003,"[""HS-COMP-000119""]","{""service_line"":""Paid Media""}"
HS-DEA-0000300,North Labs 120 - Growth,111284.52,closedlost,default,2025-08-26,2025-07-24 18:41:17,0.0,HS-OWN-0004,"[""HS-COMP-000120""]","{""service_line"":""Paid Media""}"
HS-DEA-0000301,North Labs 120 - Retainer,92139.38,closedwon,default,2024-12-09,2024-08-29 20:07:58,100.0,HS-OWN-0004,"[""HS-COMP-000120""]","{""service_line"":""Analytics""}"
HS-DEA-0000302,North Labs 120 - Retainer,114128.21,appointmentscheduled,default,2024-07-01,2024-06-02 09:25:40,25.0,HS-OWN-0004,"[""HS-COMP-000120""]","{""service_line"":""Paid Media""}"
HS-DEA-0000303,North Labs 120 - Growth,44476.21,closedwon,default,2026-05-30,2026-01-31 12:26:54,100.0,HS-OWN-0004,"[""HS-COMP-000120""]","{""service_line"":""Analytics""}"
