_dataorbit_sync_id,_dataorbit_synced_at,_dataorbit_is_deleted,hs_object_id,dealname,amount,dealstage,pipeline,closedate,createdate,hs_deal_stage_probability,hubspot_owner_id,associated_company_ids,properties
81859454-bd8e-4fb1-af20-7718c7070fe4,2026-03-27 17:37:47,False,HS-DEA-0000001,North Capital 1 - Campaign,83901.21,closedlost,default,2024-07-28,2024-05-13 23:29:50,0,HS-OWN-0005,"[""HS-COMP-000001""]","{""service_line"":""Web Dev""}"
1ea9c42a-6000-4c7d-8edd-ed6afad27c3a,2026-03-27 17:37:47,False,HS-DEA-0000002,North Retail 2 - Campaign,40940.21,closedwon,default,2025-11-11,2025-10-15 10:35:33,100,HS-OWN-0006,"[""HS-COMP-000002""]","{""service_line"":""Content""}"
b341d51a-f167-43de-adb2-7c38b416f65c,2026-03-27 17:37:47,False,HS-DEA-0000003,North Retail 2 - Growth,15490.85,closedlost,default,2025-02-15,2025-01-12 11:06:23,0,HS-OWN-0006,"[""HS-COMP-000002""]","{""service_line"":""SEO""}"
26ae3623-05b3-421b-9874-68a5d0eb0394,2026-03-27 17:37:47,False,HS-DEA-0000004,North Retail 2 - Rebuild,98353.47,appointmentscheduled,default,2024-08-17,2024-06-08 03:33:53,25,HS-OWN-0006,"[""HS-COMP-000002""]","{""service_line"":""Email""}"
4039a519-26ff-4897-a712-199cde6379c1,2026-03-27 17:37:47,False,HS-DEA-0000005,North Retail 2 - Growth,52242.99,closedwon,default,2024-08-11,2024-05-13 07:45:22,100,HS-OWN-0006,"[""HS-COMP-000002""]","{""service_line"":""Analytics""}"
63635875-d9f1-4fad-a660-fad00ef61fe4,2026-03-27 17:37:47,False,HS-DEA-0000006,Bright Labs 3 - Rebuild,45367.69,closedwon,default,2025-02-06,2024-10-25 23:45:32,100,HS-OWN-0008,"[""HS-COMP-000003""]","{""service_line"":""Paid Media""}"
ee46cecd-9578-481d-9d20-5cd2cee52242,2026-03-27 17:37:47,False,HS-DEA-0000007,Bright Labs 3 - Growth,21315.59,closedlost,default,2026-03-06,2026-02-01 09:02:45,0,HS-OWN-0008,"[""HS-COMP-000003""]","{""service_line"":""Social""}"
d1b6d6e4-0c7d-4044-a0c7-36c43f98d45e,2026-03-27 17:37:47,False,HS-DEA-0000008,Nova Retail 4 - Growth,22891.69,appointmentscheduled,default,2026-02-16,2025-11-21 02:53:42,25,HS-OWN-0002,"[""HS-COMP-000004""]","{""service_line"":""Analytics""}"
ca9d57b0-adb8-4cd4-b726-e6009c24d2b2,2026-03-27 17:37:47,False,HS-DEA-0000009,Nova Retail 4 - Rebuild,55957.99,appointmentscheduled,default,2025-08-10,2025-07-20 14:58:05,25,HS-OWN-0002,"[""HS-COMP-000004""]","{""service_line"":""Web Dev""}"
c134c013-f63e-41a7-9fdf-ae2cd4259f89,2026-03-27 17:37:47,False,HS-DEA-0000010,Nova Retail 4 - Campaign,36414.19,closedlost,default,2025-07-09,2025-04-08 23:01:12,0,HS-OWN-0002,"[""HS-COMP-000004""]","{""service_line"":""Analytics""}"
63260f14-d9c6-4511-b90a-e45202f93f87,2026-03-27 17:37:47,False,HS-DEA-0000011,Prime Health 5 - Growth,50663.19,closedwon,default,2025-07-15,2025-04-20 07:11:44,100,HS-OWN-0006,"[""HS-COMP-000005""]","{""service_line"":""Social""}"
572294ae-132d-462a-bdfb-af0a941687c9,2026-03-27 17:37:47,False,HS-DEA-0000012,Prime Health 5 - Campaign,110933.68,appointmentscheduled,default,2024-07-08,2024-04-29 14:12:03,25,HS-OWN-0006,"[""HS-COMP-000005""]","{""service_line"":""Analytics""}"
ad11cb60-ba7b-4130-af03-ac4493c5ad06,2026-03-27 17:37:47,False,HS-DEA-0000013,Blue Digital 6 - Retainer,43302.89,closedwon,default,2025-03-24,2025-01-29 03:15:20,100,HS-OWN-0003,"[""HS-COMP-000006""]","{""service_line"":""Paid Media""}"
cab3c5b5-5658-400b-8015-b98d360854d4,2026-03-27 17:37:47,False,HS-DEA-0000014,Nova Retail 7 - Growth,25371.8,qualifiedtobuy,default,2024-11-09,2024-08-09 11:53:09,55,HS-OWN-0006,"[""HS-COMP-000007""]","{""service_line"":""Analytics""}"
10767758-2318-4551-ab68-419234afa677,2026-03-27 17:37:47,False,HS-DEA-0000015,Nova Retail 7 - Campaign,83330.35,closedlost,default,2025-10-14,2025-07-28 11:26:35,0,HS-OWN-0006,"[""HS-COMP-000007""]","{""service_line"":""Email""}"
17429470-57d3-4739-ab64-9ad77ae74a54,2026-03-27 17:37:47,False,HS-DEA-0000016,North Digital 8 - Campaign,16902.72,appointmentscheduled,default,2025-05-25,2025-04-21 03:47:37,25,HS-OWN-0006,"[""HS-COMP-000008""]","{""service_line"":""Analytics""}"
086947bf-059b-4f8d-9319-fc51975649aa,2026-03-27 17:37:47,False,HS-DEA-0000017,North Digital 8 - Retainer,9501.34,appointmentscheduled,default,2025-04-04,2024-12-19 11:46:25,25,HS-OWN-0006,"[""HS-COMP-000008""]","{""service_line"":""Social""}"
08534eb9-8e9b-4a27-9d02-543d5e25adde,2026-03-27 17:37:47,False,HS-DEA-0000018,North Digital 8 - Rebuild,47877.98,qualifiedtobuy,default,2025-05-12,2025-03-02 18:02:07,55,HS-OWN-0006,"[""HS-COMP-000008""]","{""service_line"":""Content""}"
f690ef8f-4c72-4696-82cb-611ac725f08c,2026-03-27 17:37:47,False,HS-DEA-0000019,North Digital 8 - Growth,95761.1,closedwon,default,2025-03-30,2025-01-22 15:35:52,100,HS-OWN-0006,"[""HS-COMP-000008""]","{""service_line"":""Social""}"
07086c6a-4933-455b-94b7-5b7505b040ba,2026-03-27 17:37:47,False,HS-DEA-0000020,North Retail 9 - Retainer,82063.39,closedwon,default,2025-12-03,2025-08-09 13:12:48,100,HS-OWN-0009,"[""HS-COMP-000009""]","{""service_line"":""Analytics""}"
fa905129-66f7-4acf-9dba-fea09006525f,2026-03-27 17:37:47,False,HS-DEA-0000021,North Retail 9 - Campaign,63476.18,appointmentscheduled,default,2026-02-01,2025-10-22 13:23:15,25,HS-OWN-0009,"[""HS-COMP-000009""]","{""service_line"":""SEO""}"
2930e52d-a2f1-48ea-94aa-5bb060e8781b,2026-03-27 17:37:47,False,HS-DEA-0000022,North Retail 9 - Retainer,44299.22,qualifiedtobuy,default,2025-02-26,2025-01-03 08:56:24,55,HS-OWN-0009,"[""HS-COMP-000009""]","{""service_line"":""Analytics""}"
c529dc93-b0c6-4b0e-945b-233e8e091dda,2026-03-27 17:37:47,False,HS-DEA-0000023,North Retail 9 - Retainer,22818.69,qualifiedtobuy,default,2025-05-18,2025-04-09 10:22:36,55,HS-OWN-0009,"[""HS-COMP-000009""]","{""service_line"":""Content""}"
0dc642cd-4525-452b-b4d2-06e73b86879c,2026-03-27 17:37:47,False,HS-DEA-0000024,Nova Capital 10 - Campaign,10024.63,qualifiedtobuy,default,2026-04-15,2026-01-02 11:01:29,55,HS-OWN-0001,"[""HS-COMP-000010""]","{""service_line"":""Content""}"
d4f666eb-c571-4a79-ae9d-274cb898b195,2026-03-27 17:37:47,False,HS-DEA-0000025,Nova Capital 10 - Campaign,75218.47,qualifiedtobuy,default,2025-12-20,2025-09-04 01:56:54,55,HS-OWN-0001,"[""HS-COMP-000010""]","{""service_line"":""Analytics""}"
6dada0dd-5e51-4652-932d-63e7e28c4b3a,2026-03-27 17:37:47,False,HS-DEA-0000026,Prime Capital 11 - Campaign,109110.21,closedwon,default,2025-12-15,2025-11-10 11:09:30,100,HS-OWN-0008,"[""HS-COMP-000011""]","{""service_line"":""Paid Media""}"
2db0de29-342c-4731-a683-e3e4b1691292,2026-03-27 17:37:47,False,HS-DEA-0000027,Bright Labs 12 - Growth,7185.45,appointmentscheduled,default,2025-06-12,2025-03-11 04:10:02,25,HS-OWN-0007,"[""HS-COMP-000012""]","{""service_line"":""Paid Media""}"
687db049-f17f-4a67-863e-2d203d9aebde,2026-03-27 17:37:47,False,HS-DEA-0000028,Bright Labs 12 - Growth,94259.85,closedlost,default,2026-02-08,2026-01-05 06:28:12,0,HS-OWN-0007,"[""HS-COMP-000012""]","{""service_line"":""Paid Media""}"
182741f8-e53e-481c-bc54-684465a540e1,2026-03-27 17:37:47,False,HS-DEA-0000029,Bright Labs 12 - Retainer,53279.94,appointmentscheduled,default,2024-12-16,2024-11-16 15:29:41,25,HS-OWN-0007,"[""HS-COMP-000012""]","{""service_line"":""Analytics""}"
7e518114-9512-4b48-ba77-9c69c5f1a935,2026-03-27 17:37:47,False,HS-DEA-0000030,Bright Labs 12 - Growth,101219.09,appointmentscheduled,default,2025-10-05,2025-07-24 11:39:36,25,HS-OWN-0007,"[""HS-COMP-000012""]","{""service_line"":""Web Dev""}"
768fbb1a-d3a5-4455-9c27-6bfae776be5b,2026-03-27 17:37:47,False,HS-DEA-0000031,North Digital 13 - Retainer,10098.6,closedwon,default,2026-02-13,2025-11-16 23:27:27,100,HS-OWN-0005,"[""HS-COMP-000013""]","{""service_line"":""Email""}"
df3d2a23-c882-494c-8576-dbb9887b1230,2026-03-27 17:37:47,False,HS-DEA-0000032,Blue Digital 14 - Rebuild,36419.91,appointmentscheduled,default,2025-01-03,2024-11-04 23:07:24,25,HS-OWN-0008,"[""HS-COMP-000014""]","{""service_line"":""Analytics""}"
32574e24-599a-443a-b353-f582685ae40c,2026-03-27 17:37:47,False,HS-DEA-0000033,Blue Digital 14 - Campaign,107883.31,closedlost,default,2025-03-18,2025-01-07 14:00:15,0,HS-OWN-0008,"[""HS-COMP-000014""]","{""service_line"":""Web Dev""}"
c00a8780-211a-4e69-b6d4-19c37fa3e544,2026-03-27 17:37:47,False,HS-DEA-0000034,Blue Labs 15 - Rebuild,56419.91,closedlost,default,2024-11-15,2024-08-04 04:06:48,0,HS-OWN-0008,"[""HS-COMP-000015""]","{""service_line"":""Social""}"
0e016170-26d1-49b0-a2a3-3489e20125f8,2026-03-27 17:37:47,False,HS-DEA-0000035,Blue Labs 15 - Rebuild,78538.97,closedlost,default,2026-04-02,2026-02-01 12:17:53,0,HS-OWN-0008,"[""HS-COMP-000015""]","{""service_line"":""Analytics""}"
50ce29ec-95bb-44bf-9ee0-2ecfde276c2c,2026-03-27 17:37:47,False,HS-DEA-0000036,Blue Labs 15 - Rebuild,64004.89,closedlost,default,2024-06-04,2024-05-11 06:51:41,0,HS-OWN-0008,"[""HS-COMP-000015""]","{""service_line"":""Social""}"
3c7e0265-33e8-418a-aace-b8dac316a044,2026-03-27 17:37:47,False,HS-DEA-0000037,Blue Labs 15 - Retainer,102596.97,appointmentscheduled,default,2025-10-11,2025-09-06 10:45:41,25,HS-OWN-0008,"[""HS-COMP-000015""]","{""service_line"":""Social""}"
e310c364-3795-4174-9b69-f6975d8ba659,2026-03-27 17:37:47,False,HS-DEA-0000038,Nova Retail 16 - Growth,35104.32,closedlost,default,2025-07-09,2025-04-19 08:29:00,0,HS-OWN-0009,"[""HS-COMP-000016""]","{""service_line"":""Content""}"
c92fe802-3762-453d-b4ee-c66ff6bfa7f8,2026-03-27 17:37:47,False,HS-DEA-0000039,Nova Retail 16 - Rebuild,84807.77,qualifiedtobuy,default,2025-12-06,2025-09-25 13:50:44,55,HS-OWN-0009,"[""HS-COMP-000016""]","{""service_line"":""Web Dev""}"
57931002-e525-4b73-89f2-9e25f8f000d0,2026-03-27 17:37:47,False,HS-DEA-0000040,Prime Health 17 - Growth,118290.24,qualifiedtobuy,default,2026-02-03,2025-12-04 05:12:09,55,HS-OWN-0009,"[""HS-COMP-000017""]","{""service_line"":""Analytics""}"
42f0492a-769e-4bba-bf3c-58d8a4afccf8,2026-03-27 17:37:47,False,HS-DEA-0000041,Prime Health 17 - Growth,46503.1,closedlost,default,2024-08-27,2024-07-13 14:28:56,0,HS-OWN-0009,"[""HS-COMP-000017""]","{""service_line"":""Email""}"
de6f0e62-4af4-4b23-809f-d4ab6c2af525,2026-03-27 17:37:47,False,HS-DEA-0000042,North Digital 18 - Growth,100609.94,closedlost,default,2025-12-15,2025-11-14 02:07:00,0,HS-OWN-0001,"[""HS-COMP-000018""]","{""service_line"":""Email""}"
30873bc2-7e17-4401-9feb-caa513f312e7,2026-03-27 17:37:47,False,HS-DEA-0000043,North Digital 18 - Retainer,42105.99,qualifiedtobuy,default,2024-09-15,2024-07-24 14:02:41,55,HS-OWN-0001,"[""HS-COMP-000018""]","{""service_line"":""Social""}"
09ef64f4-c9ba-4d8f-acf8-a81f14585550,2026-03-27 17:37:47,False,HS-DEA-0000044,Bright Labs 19 - Growth,99902.17,closedwon,default,2024-11-14,2024-08-07 17:02:26,100,HS-OWN-0004,"[""HS-COMP-000019""]","{""service_line"":""SEO""}"
eb9f3944-fb84-4d53-b99b-0a400bd6a1b8,2026-03-27 17:37:47,False,HS-DEA-0000045,Bright Labs 19 - Retainer,93200.29,closedwon,default,2024-06-18,2024-05-29 19:44:00,100,HS-OWN-0004,"[""HS-COMP-000019""]","{""service_line"":""Web Dev""}"
aa1ecfa4-6429-4221-a4b0-a565942c7ec9,2026-03-27 17:37:47,False,HS-DEA-0000046,Nova Capital 20 - Retainer,21200.93,closedlost,default,2024-08-18,2024-06-30 21:36:13,0,HS-OWN-0008,"[""HS-COMP-000020""]","{""service_line"":""SEO""}"
bf1436dc-a6a4-47e9-8f0f-7c35971739bd,2026-03-27 17:37:47,False,HS-DEA-0000047,Nova Capital 20 - Retainer,115708.87,closedlost,default,2025-01-11,2024-11-08 03:34:24,0,HS-OWN-0008,"[""HS-COMP-000020""]","{""service_line"":""Paid Media""}"
aba10de8-f254-4893-aefe-247ffe6ea8f8,2026-03-27 17:37:47,False,HS-DEA-0000048,Nova Capital 20 - Retainer,92758.96,closedwon,default,2026-02-13,2025-12-19 13:57:21,100,HS-OWN-0008,"[""HS-COMP-000020""]","{""service_line"":""Web Dev""}"
cb5f4c82-635d-4676-ac22-9ee9410a867d,2026-03-27 17:37:47,False,HS-DEA-0000049,Nova Capital 20 - Rebuild,62197.58,closedlost,default,2025-07-14,2025-05-01 12:47:46,0,HS-OWN-0008,"[""HS-COMP-000020""]","{""service_line"":""SEO""}"
7c0f7e35-5849-4e50-9cf8-dc7b99debef0,2026-03-27 17:37:47,False,HS-DEA-0000050,Prime Labs 21 - Growth,49430.11,closedwon,default,2025-03-29,2025-01-03 07:33:45,100,HS-OWN-0002,"[""HS-COMP-000021""]","{""service_line"":""Web Dev""}"
d22fe359-a861-46b9-b277-e1db05dab6d8,2026-03-27 17:37:47,False,HS-DEA-0000051,Prime Labs 21 - Growth,19796.29,closedwon,default,2026-02-04,2025-11-11 11:09:18,100,HS-OWN-0002,"[""HS-COMP-000021""]","{""service_line"":""SEO""}"
2cfdcd1c-618c-4845-b45d-fac8d6315553,2026-03-27 17:37:47,False,HS-DEA-0000052,Nova Capital 22 - Rebuild,59612.65,closedlost,default,2025-07-14,2025-04-25 18:39:59,0,HS-OWN-0007,"[""HS-COMP-000022""]","{""service_line"":""SEO""}"
8764d3fd-b0fc-43d8-ae84-c842946d25b8,2026-03-27 17:37:47,False,HS-DEA-0000053,Nova Capital 22 - Campaign,72125.75,appointmentscheduled,default,2025-03-05,2025-01-07 20:19:01,25,HS-OWN-0007,"[""HS-COMP-000022""]","{""service_line"":""Analytics""}"
852523ee-464c-47e7-9452-05926307c03c,2026-03-27 17:37:47,False,HS-DEA-0000054,Nova Capital 22 - Campaign,35536.0,appointmentscheduled,default,2026-06-10,2026-02-23 19:51:46,25,HS-OWN-0007,"[""HS-COMP-000022""]","{""service_line"":""Social""}"
dc55a7b5-4e35-492c-82fe-ef4cba03f165,2026-03-27 17:37:47,False,HS-DEA-0000055,Blue Labs 23 - Retainer,57861.31,closedwon,default,2025-07-11,2025-05-09 21:14:01,100,HS-OWN-0009,"[""HS-COMP-000023""]","{""service_line"":""Email""}"
871abfe0-4281-48ad-b3b4-bce1f82de5f4,2026-03-27 17:37:47,False,HS-DEA-0000056,Blue Labs 23 - Rebuild,75158.81,closedwon,default,2025-03-12,2024-12-18 15:04:04,100,HS-OWN-0009,"[""HS-COMP-000023""]","{""service_line"":""Paid Media""}"
23291fac-f9b0-4431-95a0-e9eaf1c888b2,2026-03-27 17:37:47,False,HS-DEA-0000057,Blue Labs 23 - Retainer,113270.84,closedwon,default,2024-11-24,2024-10-05 05:04:46,100,HS-OWN-0009,"[""HS-COMP-000023""]","{""service_line"":""Content""}"
01b60534-cd23-4e56-8dbf-8dc8d0bd7fce,2026-03-27 17:37:47,False,HS-DEA-0000058,Blue Labs 23 - Campaign,41459.69,qualifiedtobuy,default,2026-01-06,2025-11-16 17:21:36,55,HS-OWN-0009,"[""HS-COMP-000023""]","{""service_line"":""Content""}"
911140c0-fbae-47ed-ba44-64177f490da9,2026-03-27 17:37:47,False,HS-DEA-0000059,North Capital 24 - Growth,83337.08,closedlost,default,2025-04-09,2025-02-11 18:07:32,0,HS-OWN-0003,"[""HS-COMP-000024""]","{""service_line"":""Paid Media""}"
5f1c60e5-b44e-460e-8419-61c875dcffc9,2026-03-27 17:37:47,False,HS-DEA-0000060,Nova Capital 25 - Retainer,66542.51,appointmentscheduled,default,2026-06-23,2026-03-02 22:48:04,25,HS-OWN-0004,"[""HS-COMP-000025""]","{""service_line"":""Social""}"
70854557-c6d0-4dab-a46f-50ebceb36784,2026-03-27 17:37:47,False,HS-DEA-0000061,Blue Digital 26 - Rebuild,37724.59,appointmentscheduled,default,2025-09-11,2025-06-11 21:12:22,25,HS-OWN-0009,"[""HS-COMP-000026""]","{""service_line"":""Social""}"
14da24af-354b-44c6-88a3-af86fa5912fa,2026-03-27 17:37:47,False,HS-DEA-0000062,Blue Digital 26 - Retainer,102871.87,closedlost,default,2025-08-13,2025-05-23 17:29:05,0,HS-OWN-0009,"[""HS-COMP-000026""]","{""service_line"":""Web Dev""}"
98ce9909-a40c-4481-b477-54cc67a12435,2026-03-27 17:37:47,False,HS-DEA-0000063,Blue Digital 26 - Rebuild,23686.84,appointmentscheduled,default,2024-12-03,2024-10-25 15:40:53,25,HS-OWN-0009,"[""HS-COMP-000026""]","{""service_line"":""Web Dev""}"
9d16b161-e17d-4abf-b732-ef4ed435a875,2026-03-27 17:37:47,False,HS-DEA-0000064,North Capital 27 - Rebuild,114714.0,closedlost,default,2025-03-05,2025-01-19 15:58:28,0,HS-OWN-0010,"[""HS-COMP-000027""]","{""service_line"":""Content""}"
cbf4434f-7893-44c9-a8ad-693dbb637bcc,2026-03-27 17:37:47,False,HS-DEA-0000065,North Capital 27 - Rebuild,80173.59,appointmentscheduled,default,2025-10-08,2025-06-23 03:29:06,25,HS-OWN-0010,"[""HS-COMP-000027""]","{""service_line"":""Social""}"
f6132f63-beb9-4f46-8548-b699bfa664ed,2026-03-27 17:37:47,False,HS-DEA-0000066,North Capital 27 - Campaign,40282.73,appointmentscheduled,default,2024-10-19,2024-09-27 06:37:44,25,HS-OWN-0010,"[""HS-COMP-000027""]","{""service_line"":""Web Dev""}"
491b64dd-4b3a-4cbd-b6fc-467da198cddc,2026-03-27 17:37:47,False,HS-DEA-0000067,Nova Digital 28 - Growth,83233.95,closedlost,default,2024-09-27,2024-08-02 12:49:28,0,HS-OWN-0006,"[""HS-COMP-000028""]","{""service_line"":""Social""}"
7988face-750b-47cb-a884-6ecef7dd67e7,2026-03-27 17:37:47,False,HS-DEA-0000068,Nova Digital 28 - Campaign,97999.59,appointmentscheduled,default,2025-09-08,2025-06-23 16:17:25,25,HS-OWN-0006,"[""HS-COMP-000028""]","{""service_line"":""Web Dev""}"
8074f821-bb6c-4646-b6b2-504ad1251562,2026-03-27 17:37:47,False,HS-DEA-0000069,Bright Capital 29 - Growth,118405.78,appointmentscheduled,default,2025-10-15,2025-09-22 17:45:00,25,HS-OWN-0002,"[""HS-COMP-000029""]","{""service_line"":""Web Dev""}"
a1580ad7-c630-4314-8497-74158a9d0f41,2026-03-27 17:37:47,False,HS-DEA-0000070,Bright Capital 29 - Retainer,93431.79,closedlost,default,2024-06-11,2024-04-21 09:12:38,0,HS-OWN-0002,"[""HS-COMP-000029""]","{""service_line"":""Analytics""}"
bf47a14e-b80b-4d12-b390-910d2741d85e,2026-03-27 17:37:47,False,HS-DEA-0000071,Bright Capital 29 - Rebuild,119178.51,closedlost,default,2025-11-24,2025-08-08 00:31:20,0,HS-OWN-0002,"[""HS-COMP-000029""]","{""service_line"":""Web Dev""}"
992b55b9-c69e-475b-8913-934d5e447e6c,2026-03-27 17:37:47,False,HS-DEA-0000072,Nova Health 30 - Growth,98089.99,appointmentscheduled,default,2026-05-23,2026-02-05 12:41:33,25,HS-OWN-0006,"[""HS-COMP-000030""]","{""service_line"":""Web Dev""}"
bc8d1260-c251-4f00-be2c-69cb07f98183,2026-03-27 17:37:47,False,HS-DEA-0000073,Nova Health 30 - Retainer,28699.39,appointmentscheduled,default,2025-11-08,2025-07-18 08:37:44,25,HS-OWN-0006,"[""HS-COMP-000030""]","{""service_line"":""SEO""}"
6cfdea4a-948d-414f-8350-78a990274130,2026-03-27 17:37:47,False,HS-DEA-0000074,Bright Digital 31 - Rebuild,85075.47,closedlost,default,2024-07-01,2024-05-03 03:36:45,0,HS-OWN-0009,"[""HS-COMP-000031""]","{""service_line"":""Web Dev""}"
24dd5008-d796-43cb-811c-5df257ecb6f1,2026-03-27 17:37:47,False,HS-DEA-0000075,Bright Digital 31 - Retainer,91757.85,closedlost,default,2024-09-12,2024-07-21 15:14:51,0,HS-OWN-0009,"[""HS-COMP-000031""]","{""service_line"":""Web Dev""}"
381db9c8-d8c2-415a-a53f-3deec42458d6,2026-03-27 17:37:47,False,HS-DEA-0000076,Bright Digital 31 - Retainer,97664.26,closedwon,default,2024-11-12,2024-09-30 21:36:08,100,HS-OWN-0009,"[""HS-COMP-000031""]","{""service_line"":""SEO""}"
5a682868-34c4-4a3e-bf63-95e4c5f6c9cf,2026-03-27 17:37:47,False,HS-DEA-0000077,Bright Digital 31 - Retainer,49668.19,closedlost,default,2025-08-13,2025-06-07 13:15:49,0,HS-OWN-0009,"[""HS-COMP-000031""]","{""service_line"":""Content""}"
bff4fe3f-3709-45e5-a14f-59b49eee99ac,2026-03-27 17:37:47,False,HS-DEA-0000078,North Health 32 - Rebuild,115057.27,closedwon,default,2025-05-15,2025-04-04 02:11:07,100,HS-OWN-0002,"[""HS-COMP-000032""]","{""service_line"":""SEO""}"
36e2145a-e187-4be6-97aa-ed4e49ed99e4,2026-03-27 17:37:47,False,HS-DEA-0000079,North Health 32 - Campaign,110160.75,appointmentscheduled,default,2024-10-17,2024-09-08 06:00:45,25,HS-OWN-0002,"[""HS-COMP-000032""]","{""service_line"":""Social""}"
e4f9655f-cf07-4a77-b3e9-ba44bbb499ff,2026-03-27 17:37:47,False,HS-DEA-0000080,Bright Digital 33 - Retainer,62419.67,closedlost,default,2025-01-21,2024-12-08 22:45:51,0,HS-OWN-0005,"[""HS-COMP-000033""]","{""service_line"":""Social""}"
3da0ef06-e23b-4ef1-8b80-9ee5b04b4e52,2026-03-27 17:37:47,False,HS-DEA-0000081,Bright Digital 33 - Campaign,116148.45,closedwon,default,2025-11-07,2025-09-10 16:05:45,100,HS-OWN-0005,"[""HS-COMP-000033""]","{""service_line"":""Social""}"
c0bdc938-c19f-4e53-bd91-b454ada20334,2026-03-27 17:37:47,False,HS-DEA-0000082,North Health 34 - Growth,66204.44,appointmentscheduled,default,2025-11-06,2025-08-21 19:34:50,25,HS-OWN-0008,"[""HS-COMP-000034""]","{""service_line"":""Web Dev""}"
f2282217-ac3c-4740-986e-e140b281ea72,2026-03-27 17:37:47,False,HS-DEA-0000083,North Health 34 - Rebuild,6971.4,closedwon,default,2024-04-22,2024-04-05 22:32:52,100,HS-OWN-0008,"[""HS-COMP-000034""]","{""service_line"":""Analytics""}"
2890beda-300e-4ac5-9424-304f0323bed2,2026-03-27 17:37:47,False,HS-DEA-0000084,North Health 34 - Retainer,17306.89,closedlost,default,2025-12-30,2025-09-20 18:39:56,0,HS-OWN-0008,"[""HS-COMP-000034""]","{""service_line"":""SEO""}"
f57b2a07-aa41-4a35-a336-813c3b1ebdff,2026-03-27 17:37:47,False,HS-DEA-0000085,North Health 34 - Retainer,76274.8,qualifiedtobuy,default,2025-06-12,2025-05-09 00:52:55,55,HS-OWN-0008,"[""HS-COMP-000034""]","{""service_line"":""Content""}"
5007e320-7f0b-4e30-aed3-fae86ae0c649,2026-03-27 17:37:47,False,HS-DEA-0000086,North Digital 35 - Campaign,102212.93,appointmentscheduled,default,2025-10-30,2025-09-24 15:36:46,25,HS-OWN-0006,"[""HS-COMP-000035""]","{""service_line"":""Social""}"
cf5ab358-7641-4162-b867-05f1e664600a,2026-03-27 17:37:47,False,HS-DEA-0000087,Bright Retail 36 - Campaign,82859.02,qualifiedtobuy,default,2024-10-26,2024-07-31 21:55:18,55,HS-OWN-0004,"[""HS-COMP-000036""]","{""service_line"":""Email""}"
90fd7a8a-6080-42f8-9c3b-bd4df1113078,2026-03-27 17:37:47,False,HS-DEA-0000088,Bright Retail 36 - Growth,62591.18,qualifiedtobuy,default,2025-02-12,2024-12-10 09:31:19,55,HS-OWN-0004,"[""HS-COMP-000036""]","{""service_line"":""Content""}"
9d86bf82-edcf-47b4-8981-048c98ec90cb,2026-03-27 17:37:47,False,HS-DEA-0000089,Bright Retail 36 - Retainer,101447.59,closedlost,default,2024-06-04,2024-05-08 10:36:13,0,HS-OWN-0004,"[""HS-COMP-000036""]","{""service_line"":""Content""}"
de2f5bf0-9771-4bd5-af10-50ecece8c32e,2026-03-27 17:37:47,False,HS-DEA-0000090,North Retail 37 - Rebuild,92554.85,closedlost,default,2024-05-24,2024-03-31 18:28:32,0,HS-OWN-0003,"[""HS-COMP-000037""]","{""service_line"":""SEO""}"
1b31278b-774f-4ee8-8d2e-486d750f977e,2026-03-27 17:37:47,False,HS-DEA-0000091,North Health 38 - Growth,88357.04,closedlost,default,2025-01-15,2024-11-09 10:03:31,0,HS-OWN-0002,"[""HS-COMP-000038""]","{""service_line"":""Email""}"
0f8ac0d0-1ff5-4e0c-82cc-534450220e73,2026-03-27 17:37:47,False,HS-DEA-0000092,Bright Health 39 - Rebuild,33945.47,appointmentscheduled,default,2025-01-30,2024-11-15 13:25:00,25,HS-OWN-0004,"[""HS-COMP-000039""]","{""service_line"":""Paid Media""}"
7d71e8e6-1f04-4de9-8303-638ab9c50f4e,2026-03-27 17:37:47,False,HS-DEA-0000093,Bright Health 39 - Retainer,57654.09,closedlost,default,2026-01-11,2025-10-08 16:10:10,0,HS-OWN-0004,"[""HS-COMP-000039""]","{""service_line"":""Paid Media""}"
05132c5b-b03c-4b4a-98fb-17136dab9333,2026-03-27 17:37:47,False,HS-DEA-0000094,Bright Health 39 - Rebuild,101785.54,closedlost,default,2024-12-04,2024-11-19 08:51:59,0,HS-OWN-0004,"[""HS-COMP-000039""]","{""service_line"":""Web Dev""}"
d22feb13-c4f1-4319-bb94-968ddde6a69d,2026-03-27 17:37:47,False,HS-DEA-0000095,Bright Health 39 - Rebuild,54520.87,closedlost,default,2026-02-07,2025-12-12 06:42:04,0,HS-OWN-0004,"[""HS-COMP-000039""]","{""service_line"":""Analytics""}"
d4573487-2aa3-4523-957d-66b1ba3b3fad,2026-03-27 17:37:47,False,HS-DEA-0000096,Bright Health 40 - Campaign,21005.6,closedlost,default,2026-04-18,2025-12-23 20:15:15,0,HS-OWN-0009,"[""HS-COMP-000040""]","{""service_line"":""Content""}"
6a534df9-ba2a-46fc-956f-9bfd65b15002,2026-03-27 17:37:47,False,HS-DEA-0000097,North Digital 41 - Rebuild,24128.93,qualifiedtobuy,default,2024-10-11,2024-06-20 16:25:24,55,HS-OWN-0001,"[""HS-COMP-000041""]","{""service_line"":""Email""}"
5743dc7f-1221-4aed-b483-180aa95f71f9,2026-03-27 17:37:47,False,HS-DEA-0000098,Nova Digital 42 - Campaign,93819.36,closedlost,default,2025-05-09,2025-03-08 23:32:39,0,HS-OWN-0007,"[""HS-COMP-000042""]","{""service_line"":""Email""}"
da1b3ee7-608d-4bf6-8092-9720873bad6c,2026-03-27 17:37:47,False,HS-DEA-0000099,Nova Digital 42 - Rebuild,119735.81,qualifiedtobuy,default,2025-12-03,2025-09-15 00:18:50,55,HS-OWN-0007,"[""HS-COMP-000042""]","{""service_line"":""Web Dev""}"
d3e53260-995b-4dcf-8af2-0d6a8110dac0,2026-03-27 17:37:47,False,HS-DEA-0000100,North Health 43 - Campaign,16226.65,closedwon,default,2025-07-21,2025-05-06 11:54:51,100,HS-OWN-0002,"[""HS-COMP-000043""]","{""service_line"":""Social""}"
a85d396e-ba7e-48c6-b66f-755fc8ad87bd,2026-03-27 17:37:47,False,HS-DEA-0000101,North Health 43 - Growth,39530.37,closedwon,default,2025-11-30,2025-09-19 22:14:18,100,HS-OWN-0002,"[""HS-COMP-000043""]","{""service_line"":""Analytics""}"
e5f7cd44-aee0-4e22-8d9e-db28ab4f5e5c,2026-03-27 17:37:47,False,HS-DEA-0000102,Bright Capital 44 - Retainer,26434.5,closedlost,default,2025-05-04,2025-03-21 14:56:36,0,HS-OWN-0007,"[""HS-COMP-000044""]","{""service_line"":""Social""}"
274da1b4-effa-492d-8a3d-c4a108564458,2026-03-27 17:37:47,False,HS-DEA-0000103,Bright Capital 44 - Retainer,56701.13,appointmentscheduled,default,2025-05-02,2025-02-26 09:11:59,25,HS-OWN-0007,"[""HS-COMP-000044""]","{""service_line"":""Web Dev""}"
15992236-403f-4807-82de-230470b15e20,2026-03-27 17:37:47,False,HS-DEA-0000104,Bright Capital 44 - Retainer,37009.66,qualifiedtobuy,default,2025-02-07,2025-01-23 18:03:14,55,HS-OWN-0007,"[""HS-COMP-000044""]","{""service_line"":""Social""}"
43a3e7e9-f807-4b9b-9d41-014d102d57fb,2026-03-27 17:37:47,False,HS-DEA-0000105,Bright Capital 44 - Growth,96942.77,appointmentscheduled,default,2026-04-10,2025-12-15 21:26:44,25,HS-OWN-0007,"[""HS-COMP-000044""]","{""service_line"":""Email""}"
27db466a-2c5e-44e9-bcaf-f9d72e1375d7,2026-03-27 17:37:47,False,HS-DEA-0000106,North Digital 45 - Growth,82292.66,closedwon,default,2025-08-26,2025-07-20 06:06:15,100,HS-OWN-0005,"[""HS-COMP-000045""]","{""service_line"":""Content""}"
f8c11aa6-fc37-42aa-9aa3-290bbc366243,2026-03-27 17:37:47,False,HS-DEA-0000107,North Digital 45 - Growth,26050.12,closedwon,default,2024-08-11,2024-06-27 06:43:48,100,HS-OWN-0005,"[""HS-COMP-000045""]","{""service_line"":""Social""}"
bc6a9cc9-4dac-43f1-9222-3d596319d523,2026-03-27 17:37:47,False,HS-DEA-0000108,North Digital 45 - Campaign,73588.97,closedlost,default,2024-10-03,2024-07-15 12:44:38,0,HS-OWN-0005,"[""HS-COMP-000045""]","{""service_line"":""Email""}"
85bcfb6e-b2c5-46c9-bfcf-8e2796e63fce,2026-03-27 17:37:47,False,HS-DEA-0000109,North Digital 45 - Campaign,78082.69,qualifiedtobuy,default,2025-03-29,2025-01-19 18:30:06,55,HS-OWN-0005,"[""HS-COMP-000045""]","{""service_line"":""Social""}"
456ea3a8-e1f1-439a-9119-b845d0cce66e,2026-03-27 17:37:47,False,HS-DEA-0000110,Nova Health 46 - Campaign,86666.37,closedlost,default,2025-05-21,2025-02-08 12:26:48,0,HS-OWN-0008,"[""HS-COMP-000046""]","{""service_line"":""Web Dev""}"
e5d7a88c-9ff0-4bdd-b171-cf091d11c183,2026-03-27 17:37:47,False,HS-DEA-0000111,Nova Health 46 - Growth,96526.3,appointmentscheduled,default,2025-05-17,2025-04-11 07:38:56,25,HS-OWN-0008,"[""HS-COMP-000046""]","{""service_line"":""Paid Media""}"
dc07ecb7-7e79-4f4e-99fc-5d46ea4b2fa1,2026-03-27 17:37:47,False,HS-DEA-0000112,Nova Health 46 - Retainer,66824.99,closedwon,default,2024-11-28,2024-11-09 14:34:49,100,HS-OWN-0008,"[""HS-COMP-000046""]","{""service_line"":""Paid Media""}"
b14d9f7d-77b2-44f6-825f-b2bf5b21b3b5,2026-03-27 17:37:47,False,HS-DEA-0000113,Nova Health 46 - Growth,70862.12,closedlost,default,2026-02-05,2025-11-24 03:40:54,0,HS-OWN-0008,"[""HS-COMP-000046""]","{""service_line"":""Content""}"
f9a8b7c7-0039-4129-b9a0-9997eb8aa95b,2026-03-27 17:37:47,False,HS-DEA-0000114,Bright Digital 47 - Rebuild,117585.02,qualifiedtobuy,default,2025-07-04,2025-05-15 04:03:46,55,HS-OWN-0010,"[""HS-COMP-000047""]","{""service_line"":""Content""}"
1416ddc6-ca4e-414f-a3ab-5447a5e13e5b,2026-03-27 17:37:47,False,HS-DEA-0000115,Bright Digital 47 - Growth,20592.72,closedwon,default,2025-02-03,2024-11-07 11:11:32,100,HS-OWN-0010,"[""HS-COMP-000047""]","{""service_line"":""Analytics""}"
1d36e1fc-1368-4029-8b41-337d8b582582,2026-03-27 17:37:47,False,HS-DEA-0000116,Bright Digital 47 - Rebuild,104710.47,appointmentscheduled,default,2026-02-02,2025-11-27 23:58:20,25,HS-OWN-0010,"[""HS-COMP-000047""]","{""service_line"":""Paid Media""}"
fa950723-3de3-4083-b7af-cd7f23791602,2026-03-27 17:37:47,False,HS-DEA-0000117,Blue Labs 48 - Rebuild,57290.0,closedwon,default,2025-04-24,2025-02-03 15:18:44,100,HS-OWN-0008,"[""HS-COMP-000048""]","{""service_line"":""Web Dev""}"
a04b5815-743b-474c-8105-3152be84c369,2026-03-27 17:37:47,False,HS-DEA-0000118,Prime Retail 49 - Growth,19287.28,closedlost,default,2024-05-29,2024-05-02 10:04:04,0,HS-OWN-0001,"[""HS-COMP-000049""]","{""service_line"":""Analytics""}"
ea7fa0e9-eac3-4afd-bcfe-e3e73caddd23,2026-03-27 17:37:47,False,HS-DEA-0000119,Nova Capital 50 - Retainer,54361.56,closedwon,default,2024-07-10,2024-05-06 23:00:52,100,HS-OWN-0009,"[""HS-COMP-000050""]","{""service_line"":""SEO""}"
881d4b17-29fd-4a0a-9806-e745840e68a1,2026-03-27 17:37:47,False,HS-DEA-0000120,Nova Capital 50 - Retainer,59832.77,appointmentscheduled,default,2025-10-22,2025-09-25 07:30:43,25,HS-OWN-0009,"[""HS-COMP-000050""]","{""service_line"":""Paid Media""}"
d68b4e85-3f76-44b4-986b-fa28a1f14ea8,2026-03-27 17:37:47,False,HS-DEA-0000121,Nova Digital 51 - Campaign,75848.74,qualifiedtobuy,default,2025-11-20,2025-10-09 20:44:19,55,HS-OWN-0006,"[""HS-COMP-000051""]","{""service_line"":""Web Dev""}"
0f734736-a81a-43d8-9313-ac8ce904bd8d,2026-03-27 17:37:47,False,HS-DEA-0000122,Nova Digital 51 - Growth,21101.51,appointmentscheduled,default,2026-03-07,2026-01-24 16:29:35,25,HS-OWN-0006,"[""HS-COMP-000051""]","{""service_line"":""SEO""}"
34fc0bb1-a153-47c1-b82d-bf560bc790c9,2026-03-27 17:37:47,False,HS-DEA-0000123,Nova Digital 51 - Rebuild,115773.6,closedlost,default,2025-10-14,2025-06-28 16:05:02,0,HS-OWN-0006,"[""HS-COMP-000051""]","{""service_line"":""Content""}"
9b6e8b71-ed31-4801-b7ce-500faaf7b8e5,2026-03-27 17:37:47,False,HS-DEA-0000124,Prime Retail 52 - Campaign,49376.84,qualifiedtobuy,default,2026-03-22,2025-11-26 12:45:01,55,HS-OWN-0008,"[""HS-COMP-000052""]","{""service_line"":""Paid Media""}"
b8ac52a1-7534-40bb-8001-818bf469ddf0,2026-03-27 17:37:47,False,HS-DEA-0000125,Prime Retail 53 - Rebuild,14613.66,qualifiedtobuy,default,2024-09-03,2024-05-30 18:11:43,55,HS-OWN-0008,"[""HS-COMP-000053""]","{""service_line"":""SEO""}"
b601fa7d-adeb-4291-9be4-f347be07d5c5,2026-03-27 17:37:47,False,HS-DEA-0000126,Prime Retail 53 - Rebuild,49934.12,qualifiedtobuy,default,2025-06-08,2025-04-28 21:02:24,55,HS-OWN-0008,"[""HS-COMP-000053""]","{""service_line"":""Social""}"
effb7374-b25e-43eb-bbcc-ac49c08ee310,2026-03-27 17:37:47,False,HS-DEA-0000127,Prime Retail 53 - Rebuild,85347.73,appointmentscheduled,default,2026-02-16,2025-11-10 13:09:31,25,HS-OWN-0008,"[""HS-COMP-000053""]","{""service_line"":""Social""}"
21aa4ed2-e144-454c-b504-48beb6edd496,2026-03-27 17:37:47,False,HS-DEA-0000128,Prime Retail 53 - Retainer,14914.47,appointmentscheduled,default,2026-02-28,2026-01-14 04:56:20,25,HS-OWN-0008,"[""HS-COMP-000053""]","{""service_line"":""Web Dev""}"
ab03fe2a-9937-41e3-b850-e003474229a4,2026-03-27 17:37:47,False,HS-DEA-0000129,Blue Retail 54 - Rebuild,24200.74,closedwon,default,2024-10-18,2024-08-01 23:41:28,100,HS-OWN-0004,"[""HS-COMP-000054""]","{""service_line"":""Paid Media""}"
14d0bfca-0948-47f7-bc9b-67fc974127cc,2026-03-27 17:37:47,False,HS-DEA-0000130,Nova Capital 55 - Retainer,90189.7,appointmentscheduled,default,2026-05-19,2026-02-20 08:00:04,25,HS-OWN-0001,"[""HS-COMP-000055""]","{""service_line"":""SEO""}"
4070e5ad-5163-4220-a82a-d0ab2261e38e,2026-03-27 17:37:47,False,HS-DEA-0000131,Nova Capital 56 - Campaign,110323.3,qualifiedtobuy,default,2024-11-13,2024-09-18 02:53:54,55,HS-OWN-0001,"[""HS-COMP-000056""]","{""service_line"":""Content""}"
da366a99-f9d5-4269-be59-7841488f4aea,2026-03-27 17:37:47,False,HS-DEA-0000132,Nova Capital 56 - Rebuild,18731.11,appointmentscheduled,default,2025-02-21,2024-10-24 10:14:40,25,HS-OWN-0001,"[""HS-COMP-000056""]","{""service_line"":""Social""}"
4b9123d8-c4f3-4666-9938-f3b22372f69a,2026-03-27 17:37:47,False,HS-DEA-0000133,Nova Capital 56 - Retainer,97498.87,qualifiedtobuy,default,2026-03-19,2026-02-26 07:01:43,55,HS-OWN-0001,"[""HS-COMP-000056""]","{""service_line"":""SEO""}"
54ea532f-758d-4e0a-923c-39a509fbb4ef,2026-03-27 17:37:47,False,HS-DEA-0000134,Nova Capital 56 - Rebuild,93955.66,closedlost,default,2025-02-25,2025-02-02 03:24:38,0,HS-OWN-0001,"[""HS-COMP-000056""]","{""service_line"":""Content""}"
853edef0-20c4-435a-b431-a12346bdb13f,2026-03-27 17:37:47,False,HS-DEA-0000135,Nova Retail 57 - Growth,114363.88,closedwon,default,2024-12-17,2024-09-24 17:01:20,100,HS-OWN-0004,"[""HS-COMP-000057""]","{""service_line"":""SEO""}"
51ae3d31-abea-4c8c-b0cf-549398f42f34,2026-03-27 17:37:47,False,HS-DEA-0000136,North Capital 58 - Rebuild,111494.82,closedwon,default,2024-11-18,2024-09-27 15:22:29,100,HS-OWN-0010,"[""HS-COMP-000058""]","{""service_line"":""Web Dev""}"
492be413-7243-4d05-9750-bba7187f0958,2026-03-27 17:37:47,False,HS-DEA-0000137,North Capital 58 - Rebuild,57067.15,closedwon,default,2026-01-10,2025-09-23 00:06:06,100,HS-OWN-0010,"[""HS-COMP-000058""]","{""service_line"":""Paid Media""}"
efa7fbfb-df2d-4c4b-bda5-49b6c3ca0b2a,2026-03-27 17:37:47,False,HS-DEA-0000138,North Capital 59 - Campaign,40455.39,qualifiedtobuy,default,2025-07-16,2025-05-17 23:59:14,55,HS-OWN-0001,"[""HS-COMP-000059""]","{""service_line"":""Content""}"
08b660c8-bb4f-46ba-9800-6694357d3eb2,2026-03-27 17:37:47,False,HS-DEA-0000139,Bright Capital 60 - Rebuild,99310.31,closedwon,default,2025-05-21,2025-04-30 13:12:42,100,HS-OWN-0002,"[""HS-COMP-000060""]","{""service_line"":""Paid Media""}"
74a97d4e-7505-4c60-9b5c-4c67db316370,2026-03-27 17:37:47,False,HS-DEA-0000140,Bright Capital 60 - Retainer,15893.41,closedlost,default,2024-06-25,2024-04-20 21:02:30,0,HS-OWN-0002,"[""HS-COMP-000060""]","{""service_line"":""SEO""}"
d9384701-3282-4479-abf6-e958c8ffc3b3,2026-03-27 17:37:47,False,HS-DEA-0000141,Bright Capital 60 - Growth,6375.05,qualifiedtobuy,default,2026-04-07,2025-12-12 03:21:04,55,HS-OWN-0002,"[""HS-COMP-000060""]","{""service_line"":""Analytics""}"
75a73dfa-46dd-40b9-a4a7-3cbe72231331,2026-03-27 17:37:47,False,HS-DEA-0000142,Bright Capital 60 - Retainer,99722.44,qualifiedtobuy,default,2026-01-06,2025-11-24 07:46:44,55,HS-OWN-0002,"[""HS-COMP-000060""]","{""service_line"":""Content""}"
a5f0ce7d-1903-42b1-9da7-0ec193bd1066,2026-03-27 17:37:47,False,HS-DEA-0000143,Blue Labs 61 - Growth,24318.76,closedlost,default,2024-07-20,2024-06-30 21:42:39,0,HS-OWN-0004,"[""HS-COMP-000061""]","{""service_line"":""Email""}"
6eebfd8f-0663-428d-99d8-4698a6754011,2026-03-27 17:37:47,False,HS-DEA-0000144,Blue Labs 61 - Campaign,8390.46,closedlost,default,2025-06-27,2025-02-27 04:14:59,0,HS-OWN-0004,"[""HS-COMP-000061""]","{""service_line"":""Social""}"
384392cf-93b9-480f-b031-227c912b3655,2026-03-27 17:37:47,False,HS-DEA-0000145,Blue Labs 61 - Retainer,109454.98,closedwon,default,2025-03-31,2025-02-22 03:13:24,100,HS-OWN-0004,"[""HS-COMP-000061""]","{""service_line"":""Content""}"
33743b68-9218-4ba6-a693-0af802344020,2026-03-27 17:37:47,False,HS-DEA-0000146,Nova Retail 62 - Rebuild,109957.86,closedlost,default,2025-06-27,2025-04-04 07:35:44,0,HS-OWN-0005,"[""HS-COMP-000062""]","{""service_line"":""Email""}"
f69fa2a3-8fc8-4a6b-a151-d88496dbc545,2026-03-27 17:37:47,False,HS-DEA-0000147,Nova Retail 62 - Retainer,7997.24,closedwon,default,2025-02-04,2024-12-02 12:46:14,100,HS-OWN-0005,"[""HS-COMP-000062""]","{""service_line"":""Email""}"
3f8ff073-da39-4494-96d6-f20563a83c5a,2026-03-27 17:37:47,False,HS-DEA-0000148,Nova Retail 62 - Growth,97995.2,closedwon,default,2024-10-01,2024-09-13 20:27:43,100,HS-OWN-0005,"[""HS-COMP-000062""]","{""service_line"":""Web Dev""}"
0b4de671-57eb-4310-a960-487dfb08c019,2026-03-27 17:37:47,False,HS-DEA-0000149,Nova Labs 63 - Growth,65541.58,qualifiedtobuy,default,2024-06-23,2024-05-10 08:40:36,55,HS-OWN-0010,"[""HS-COMP-000063""]","{""service_line"":""SEO""}"
1dc86443-d28c-4931-9d7a-835d18ac21e1,2026-03-27 17:37:47,False,HS-DEA-0000150,Blue Health 64 - Campaign,79655.73,closedlost,default,2024-08-15,2024-07-11 17:16:23,0,HS-OWN-0010,"[""HS-COMP-000064""]","{""service_line"":""Paid Media""}"
e8291b5e-53ba-4c64-aa42-d5802c219d65,2026-03-27 17:37:47,False,HS-DEA-0000151,Blue Health 64 - Retainer,81536.14,closedwon,default,2025-12-23,2025-09-28 00:28:29,100,HS-OWN-0010,"[""HS-COMP-000064""]","{""service_line"":""Analytics""}"
ac84a88b-faff-4b2c-998f-f0ae171b3385,2026-03-27 17:37:47,False,HS-DEA-0000152,Blue Health 64 - Rebuild,19645.06,closedwon,default,2024-10-12,2024-08-10 22:25:15,100,HS-OWN-0010,"[""HS-COMP-000064""]","{""service_line"":""Social""}"
71d65505-3b02-4118-8f02-9b1b028307e1,2026-03-27 17:37:47,False,HS-DEA-0000153,Bright Labs 65 - Retainer,44883.16,appointmentscheduled,default,2025-03-29,2024-12-09 23:03:23,25,HS-OWN-0006,"[""HS-COMP-000065""]","{""service_line"":""Content""}"
ad52636e-294c-4523-b2a3-36b09aed578f,2026-03-27 17:37:47,False,HS-DEA-0000154,Bright Labs 65 - Rebuild,56362.44,appointmentscheduled,default,2024-11-09,2024-08-05 03:16:40,25,HS-OWN-0006,"[""HS-COMP-000065""]","{""service_line"":""Content""}"
b4483c1b-54cf-4056-9cc0-5beda1743eea,2026-03-27 17:37:47,False,HS-DEA-0000155,Prime Retail 66 - Campaign,95703.95,appointmentscheduled,default,2025-07-27,2025-05-25 20:15:15,25,HS-OWN-0003,"[""HS-COMP-000066""]","{""service_line"":""Email""}"
4c36e581-42b7-4324-adf1-acfc58dd06a4,2026-03-27 17:37:47,False,HS-DEA-0000156,Prime Retail 66 - Retainer,56898.05,qualifiedtobuy,default,2025-12-05,2025-08-15 08:34:54,55,HS-OWN-0003,"[""HS-COMP-000066""]","{""service_line"":""Analytics""}"
03e2c2fb-4a25-431b-9610-128cb4db053b,2026-03-27 17:37:47,False,HS-DEA-0000157,Prime Retail 66 - Growth,41652.44,closedwon,default,2026-02-01,2026-01-13 15:47:06,100,HS-OWN-0003,"[""HS-COMP-000066""]","{""service_line"":""SEO""}"
33f8f0c1-cadf-40ab-9121-3ae39bb0e43a,2026-03-27 17:37:47,False,HS-DEA-0000158,Nova Health 67 - Retainer,74841.53,closedlost,default,2025-10-13,2025-09-25 22:32:53,0,HS-OWN-0004,"[""HS-COMP-000067""]","{""service_line"":""Web Dev""}"
0391a66f-4f24-4a7a-801f-5c65b2e5cdee,2026-03-27 17:37:47,False,HS-DEA-0000159,Nova Health 67 - Rebuild,28638.3,appointmentscheduled,default,2024-08-17,2024-07-27 18:15:23,25,HS-OWN-0004,"[""HS-COMP-000067""]","{""service_line"":""Paid Media""}"
b12318fe-b841-4e75-a683-212898c5afb5,2026-03-27 17:37:47,False,HS-DEA-0000160,Nova Health 67 - Rebuild,39201.07,closedwon,default,2025-05-23,2025-02-08 15:09:33,100,HS-OWN-0004,"[""HS-COMP-000067""]","{""service_line"":""SEO""}"
db2627e2-4e47-4701-be63-710bfdfbba8e,2026-03-27 17:37:47,False,HS-DEA-0000161,Nova Health 67 - Retainer,11268.06,closedlost,default,2024-07-09,2024-05-05 06:54:05,0,HS-OWN-0004,"[""HS-COMP-000067""]","{""service_line"":""SEO""}"
0cabfbfa-1144-43f1-8711-dcbddc0d1d30,2026-03-27 17:37:47,False,HS-DEA-0000162,Nova Capital 68 - Rebuild,31017.86,closedlost,default,2024-12-28,2024-10-18 05:49:20,0,HS-OWN-0001,"[""HS-COMP-000068""]","{""service_line"":""Content""}"
d6dab7fc-ddd6-4146-b840-7979e82ecc9b,2026-03-27 17:37:47,False,HS-DEA-0000163,Bright Health 69 - Retainer,119685.96,closedlost,default,2025-03-16,2025-02-19 13:54:35,0,HS-OWN-0005,"[""HS-COMP-000069""]","{""service_line"":""Social""}"
72f7673f-ec35-40a8-87f1-544c8ad66503,2026-03-27 17:37:47,False,HS-DEA-0000164,North Capital 70 - Growth,69708.63,appointmentscheduled,default,2024-08-23,2024-07-21 23:09:53,25,HS-OWN-0008,"[""HS-COMP-000070""]","{""service_line"":""SEO""}"
119359ed-5603-4519-b140-77a88346d9ff,2026-03-27 17:37:47,False,HS-DEA-0000165,North Capital 70 - Campaign,35375.71,closedwon,default,2026-01-18,2025-11-28 00:59:23,100,HS-OWN-0008,"[""HS-COMP-000070""]","{""service_line"":""Social""}"
df653ca5-9b52-4dc2-bb08-0bc9213fb7f1,2026-03-27 17:37:47,False,HS-DEA-0000166,North Capital 70 - Growth,24802.97,closedlost,default,2025-07-05,2025-04-08 21:35:10,0,HS-OWN-0008,"[""HS-COMP-000070""]","{""service_line"":""Web Dev""}"
21300fc5-d7aa-4724-a191-d44f4f3b940c,2026-03-27 17:37:47,False,HS-DEA-0000167,North Capital 70 - Growth,50516.17,closedlost,default,2024-10-19,2024-07-17 11:14:16,0,HS-OWN-0008,"[""HS-COMP-000070""]","{""service_line"":""Content""}"
fb742c6d-502f-438b-983d-0f2faab72bd5,2026-03-27 17:37:47,False,HS-DEA-0000168,Bright Digital 71 - Rebuild,88811.93,closedwon,default,2026-03-18,2025-11-18 22:36:41,100,HS-OWN-0008,"[""HS-COMP-000071""]","{""service_line"":""Email""}"
99d9c7a6-92c0-40fc-9f10-4a42eb71d163,2026-03-27 17:37:47,False,HS-DEA-0000169,Bright Digital 71 - Campaign,29309.91,qualifiedtobuy,default,2025-09-06,2025-08-11 03:38:37,55,HS-OWN-0008,"[""HS-COMP-000071""]","{""service_line"":""Analytics""}"
609050e3-eb64-4369-9724-4e50a80cbe2d,2026-03-27 17:37:47,False,HS-DEA-0000170,Bright Digital 71 - Rebuild,99417.0,closedlost,default,2025-05-26,2025-02-06 23:50:07,0,HS-OWN-0008,"[""HS-COMP-000071""]","{""service_line"":""Email""}"
288278c0-8493-4592-ae4e-50623c7ea169,2026-03-27 17:37:47,False,HS-DEA-0000171,Bright Digital 71 - Rebuild,86600.48,appointmentscheduled,default,2026-01-06,2025-12-02 12:04:48,25,HS-OWN-0008,"[""HS-COMP-000071""]","{""service_line"":""Web Dev""}"
a54b3af3-199c-47d0-898e-a93a344f8453,2026-03-27 17:37:47,False,HS-DEA-0000172,Bright Health 72 - Growth,32822.88,appointmentscheduled,default,2025-06-28,2025-04-24 01:52:04,25,HS-OWN-0004,"[""HS-COMP-000072""]","{""service_line"":""Web Dev""}"
f710975d-6838-4987-8370-11ade91d2bb5,2026-03-27 17:37:47,False,HS-DEA-0000173,Bright Health 72 - Campaign,72491.23,qualifiedtobuy,default,2025-09-12,2025-07-02 03:24:17,55,HS-OWN-0004,"[""HS-COMP-000072""]","{""service_line"":""Content""}"
3de08f91-2cbf-4705-b7ac-055b6c6fd967,2026-03-27 17:37:47,False,HS-DEA-0000174,Bright Health 72 - Growth,37782.98,closedwon,default,2025-01-24,2024-12-20 02:53:46,100,HS-OWN-0004,"[""HS-COMP-000072""]","{""service_line"":""Web Dev""}"
9b69f462-c7b0-40c8-8312-79799dba0ff3,2026-03-27 17:37:47,False,HS-DEA-0000175,Bright Health 72 - Retainer,79448.69,qualifiedtobuy,default,2024-06-09,2024-05-05 07:11:32,55,HS-OWN-0004,"[""HS-COMP-000072""]","{""service_line"":""Social""}"
b6463862-1699-4d8a-bda1-e3d911050f19,2026-03-27 17:37:47,False,HS-DEA-0000176,North Retail 73 - Campaign,39746.69,qualifiedtobuy,default,2025-05-05,2025-03-19 05:58:22,55,HS-OWN-0008,"[""HS-COMP-000073""]","{""service_line"":""Email""}"
888f6d47-cebc-4300-9e2f-a0ae27552357,2026-03-27 17:37:47,False,HS-DEA-0000177,North Retail 73 - Growth,5844.97,closedlost,default,2026-03-31,2025-12-27 23:53:49,0,HS-OWN-0008,"[""HS-COMP-000073""]","{""service_line"":""Social""}"
f33364e3-d64e-4951-b715-9d7fc4a89a3b,2026-03-27 17:37:47,False,HS-DEA-0000178,North Retail 73 - Rebuild,83707.51,closedwon,default,2026-03-14,2026-01-11 17:34:54,100,HS-OWN-0008,"[""HS-COMP-000073""]","{""service_line"":""Web Dev""}"
d319cd24-5538-4a24-bc37-22ab0573955d,2026-03-27 17:37:47,False,HS-DEA-0000179,North Health 74 - Growth,80371.07,qualifiedtobuy,default,2025-10-16,2025-08-22 18:48:26,55,HS-OWN-0006,"[""HS-COMP-000074""]","{""service_line"":""Content""}"
95a23406-6a96-4c01-8c24-fe01b9731e5b,2026-03-27 17:37:47,False,HS-DEA-0000180,North Health 74 - Campaign,89724.19,closedlost,default,2024-12-22,2024-10-15 05:41:09,0,HS-OWN-0006,"[""HS-COMP-000074""]","{""service_line"":""Email""}"
8dec0085-d9e6-4ee8-be72-46c893064b5d,2026-03-27 17:37:47,False,HS-DEA-0000181,North Health 74 - Rebuild,88553.24,qualifiedtobuy,default,2025-12-25,2025-09-28 16:59:30,55,HS-OWN-0006,"[""HS-COMP-000074""]","{""service_line"":""Paid Media""}"
23941f4f-c3d1-4159-aef9-4a2faa7ac632,2026-03-27 17:37:47,False,HS-DEA-0000182,North Health 74 - Rebuild,63341.21,closedlost,default,2025-12-03,2025-09-11 19:31:35,0,HS-OWN-0006,"[""HS-COMP-000074""]","{""service_line"":""Analytics""}"
4d59ca8b-8a81-4f01-b354-dbc67794bb15,2026-03-27 17:37:47,False,HS-DEA-0000183,Blue Digital 75 - Rebuild,34964.31,closedwon,default,2025-06-12,2025-02-17 07:48:23,100,HS-OWN-0003,"[""HS-COMP-000075""]","{""service_line"":""Content""}"
16e66ea5-3668-48ea-841c-81dbcd3fdcc0,2026-03-27 17:37:47,False,HS-DEA-0000184,Blue Digital 75 - Growth,104635.24,closedlost,default,2025-04-21,2025-03-22 22:45:15,0,HS-OWN-0003,"[""HS-COMP-000075""]","{""service_line"":""Email""}"
05dbfc06-a281-41f4-a277-d83bfc83f9ad,2026-03-27 17:37:47,False,HS-DEA-0000185,Blue Digital 75 - Campaign,107284.0,appointmentscheduled,default,2025-09-23,2025-06-21 11:27:00,25,HS-OWN-0003,"[""HS-COMP-000075""]","{""service_line"":""Email""}"
c0893afc-c6e6-41e6-a808-9d6a7d0ac971,2026-03-27 17:37:47,False,HS-DEA-0000186,Prime Health 76 - Growth,61071.8,qualifiedtobuy,default,2024-09-09,2024-07-16 23:31:17,55,HS-OWN-0001,"[""HS-COMP-000076""]","{""service_line"":""Social""}"
2db3fdf1-430f-4a95-abed-13dc0396416c,2026-03-27 17:37:47,False,HS-DEA-0000187,Prime Health 76 - Growth,56986.12,appointmentscheduled,default,2024-10-06,2024-08-12 01:52:22,25,HS-OWN-0001,"[""HS-COMP-000076""]","{""service_line"":""Paid Media""}"
096229f8-6ada-4899-a842-a5c21dec2c10,2026-03-27 17:37:47,False,HS-DEA-0000188,Prime Health 76 - Retainer,61301.37,qualifiedtobuy,default,2026-03-02,2025-11-08 23:18:03,55,HS-OWN-0001,"[""HS-COMP-000076""]","{""service_line"":""Analytics""}"
2199ab4f-f3ab-4cc6-ab74-5a9ec7b4dbde,2026-03-27 17:37:47,False,HS-DEA-0000189,Prime Health 76 - Campaign,77851.07,qualifiedtobuy,default,2025-12-19,2025-11-23 09:16:08,55,HS-OWN-0001,"[""HS-COMP-000076""]","{""service_line"":""Web Dev""}"
98ad16cc-0532-45ac-b1ff-d17835536302,2026-03-27 17:37:47,False,HS-DEA-0000190,Nova Labs 77 - Rebuild,54871.5,closedlost,default,2025-01-05,2024-11-14 08:31:21,0,HS-OWN-0003,"[""HS-COMP-000077""]","{""service_line"":""Social""}"
0001544b-6a54-4977-947d-e1966a0a4249,2026-03-27 17:37:47,False,HS-DEA-0000191,North Digital 78 - Campaign,105802.58,appointmentscheduled,default,2026-01-07,2025-10-01 01:40:57,25,HS-OWN-0008,"[""HS-COMP-000078""]","{""service_line"":""Content""}"
e4890b13-45b5-4d58-8583-c1ebd9d8146b,2026-03-27 17:37:47,False,HS-DEA-0000192,North Digital 78 - Growth,81126.54,appointmentscheduled,default,2026-02-07,2025-11-16 18:45:55,25,HS-OWN-0008,"[""HS-COMP-000078""]","{""service_line"":""Social""}"
f0ce5654-f503-45e7-94b4-ed37123e7782,2026-03-27 17:37:47,False,HS-DEA-0000193,North Digital 78 - Growth,52929.19,appointmentscheduled,default,2026-01-23,2026-01-06 04:02:11,25,HS-OWN-0008,"[""HS-COMP-000078""]","{""service_line"":""Web Dev""}"
d7ff682a-7f5e-4475-86c8-2e540ba3c830,2026-03-27 17:37:47,False,HS-DEA-0000194,Blue Retail 79 - Campaign,100525.06,qualifiedtobuy,default,2025-10-24,2025-07-24 11:25:18,55,HS-OWN-0004,"[""HS-COMP-000079""]","{""service_line"":""SEO""}"
5416981e-373a-45b0-9fd8-0f1e55257c42,2026-03-27 17:37:47,False,HS-DEA-0000195,Blue Retail 79 - Rebuild,18111.44,appointmentscheduled,default,2025-08-14,2025-04-29 02:15:40,25,HS-OWN-0004,"[""HS-COMP-000079""]","{""service_line"":""SEO""}"
4907ccd3-fc3f-4e64-bb2b-54fcaffd97a4,2026-03-27 17:37:47,False,HS-DEA-0000196,Blue Retail 79 - Rebuild,100622.36,qualifiedtobuy,default,2025-05-28,2025-04-18 08:09:30,55,HS-OWN-0004,"[""HS-COMP-000079""]","{""service_line"":""Paid Media""}"
20e4dcfb-2415-4030-816a-7a02b5419cc5,2026-03-27 17:37:47,False,HS-DEA-0000197,Blue Capital 80 - Campaign,118696.58,qualifiedtobuy,default,2026-04-16,2026-02-28 11:56:23,55,HS-OWN-0010,"[""HS-COMP-000080""]","{""service_line"":""Content""}"
40188fe2-28b9-4713-9451-6da49a417a82,2026-03-27 17:37:47,False,HS-DEA-0000198,Blue Retail 81 - Rebuild,98720.89,appointmentscheduled,default,2026-05-27,2026-02-08 01:36:02,25,HS-OWN-0010,"[""HS-COMP-000081""]","{""service_line"":""Paid Media""}"
d5ace011-76d4-4611-9c8a-b5509c728efd,2026-03-27 17:37:47,False,HS-DEA-0000199,Blue Retail 81 - Campaign,36260.81,closedlost,default,2024-08-29,2024-06-24 03:36:43,0,HS-OWN-0010,"[""HS-COMP-000081""]","{""service_line"":""Web Dev""}"
95a999e9-698b-4549-9a84-33e2a53e35e0,2026-03-27 17:37:47,False,HS-DEA-0000200,Blue Retail 81 - Retainer,18001.5,closedlost,default,2025-11-29,2025-09-14 14:20:35,0,HS-OWN-0010,"[""HS-COMP-000081""]","{""service_line"":""Social""}"
872b5154-a0aa-4a5a-ac2e-557bd71cfe78,2026-03-27 17:37:47,False,HS-DEA-0000201,North Labs 82 - Campaign,110845.77,qualifiedtobuy,default,2026-05-08,2026-01-26 17:12:27,55,HS-OWN-0003,"[""HS-COMP-000082""]","{""service_line"":""SEO""}"
6d74bba5-877c-45e9-8427-e48b1f467cb9,2026-03-27 17:37:47,False,HS-DEA-0000202,Bright Capital 83 - Retainer,13609.5,closedlost,default,2025-07-08,2025-04-24 10:05:32,0,HS-OWN-0009,"[""HS-COMP-000083""]","{""service_line"":""Web Dev""}"
d1b2c645-79b4-4b91-b367-a1df60429ec5,2026-03-27 17:37:47,False,HS-DEA-0000203,Bright Capital 83 - Rebuild,10790.33,closedwon,default,2025-01-15,2024-12-01 18:40:38,100,HS-OWN-0009,"[""HS-COMP-000083""]","{""service_line"":""Paid Media""}"
81090697-58f2-4c3c-a3bb-f362807bf4c8,2026-03-27 17:37:47,False,HS-DEA-0000204,Bright Labs 84 - Campaign,43176.85,qualifiedtobuy,default,2026-01-18,2025-12-28 18:32:30,55,HS-OWN-0004,"[""HS-COMP-000084""]","{""service_line"":""Analytics""}"
730323b1-732c-4752-adca-5d81dd672e44,2026-03-27 17:37:47,False,HS-DEA-0000205,Bright Labs 84 - Rebuild,87330.05,closedlost,default,2025-10-21,2025-07-22 02:45:20,0,HS-OWN-0004,"[""HS-COMP-000084""]","{""service_line"":""SEO""}"
0e8d83bf-6e56-42b4-8046-8170f0dbd198,2026-03-27 17:37:47,False,HS-DEA-0000206,Bright Labs 84 - Growth,44256.07,qualifiedtobuy,default,2024-10-01,2024-06-11 09:59:14,55,HS-OWN-0004,"[""HS-COMP-000084""]","{""service_line"":""Analytics""}"
a41776d3-1836-4292-a5f5-e9458f9ebdee,2026-03-27 17:37:47,False,HS-DEA-0000207,Blue Retail 85 - Growth,111562.05,closedlost,default,2024-10-08,2024-06-19 10:31:43,0,HS-OWN-0009,"[""HS-COMP-000085""]","{""service_line"":""Analytics""}"
e5ff9ca4-3922-4b9a-a717-19a8f6a7feef,2026-03-27 17:37:47,False,HS-DEA-0000208,Blue Retail 85 - Campaign,57599.61,appointmentscheduled,default,2025-11-29,2025-08-31 19:15:37,25,HS-OWN-0009,"[""HS-COMP-000085""]","{""service_line"":""Email""}"
2fb0799f-5cb9-45e7-89d4-ba3b66cf5843,2026-03-27 17:37:47,False,HS-DEA-0000209,Blue Retail 85 - Growth,65991.9,closedlost,default,2025-05-25,2025-04-23 08:33:13,0,HS-OWN-0009,"[""HS-COMP-000085""]","{""service_line"":""SEO""}"
87b216bf-a3b8-4284-a990-ae85d2a85559,2026-03-27 17:37:47,False,HS-DEA-0000210,Prime Health 86 - Rebuild,110937.05,closedwon,default,2024-10-10,2024-08-30 18:28:25,100,HS-OWN-0006,"[""HS-COMP-000086""]","{""service_line"":""Paid Media""}"
8d43bc8d-e3c3-4af7-83e4-8cd2a3378575,2026-03-27 17:37:47,False,HS-DEA-0000211,Prime Health 86 - Rebuild,86690.56,qualifiedtobuy,default,2026-01-06,2025-09-30 12:22:45,55,HS-OWN-0006,"[""HS-COMP-000086""]","{""service_line"":""Analytics""}"
96985e8f-dcb4-4944-af48-3525389a3adf,2026-03-27 17:37:47,False,HS-DEA-0000212,Bright Capital 87 - Rebuild,98613.02,appointmentscheduled,default,2024-12-22,2024-09-02 04:28:55,25,HS-OWN-0009,"[""HS-COMP-000087""]","{""service_line"":""SEO""}"
6e528b14-7f65-4540-b9b3-21e96544f734,2026-03-27 17:37:47,False,HS-DEA-0000213,Bright Capital 87 - Campaign,32323.48,qualifiedtobuy,default,2025-10-28,2025-07-19 06:43:50,55,HS-OWN-0009,"[""HS-COMP-000087""]","{""service_line"":""Analytics""}"
15858baf-614b-4508-aefb-05c7b542e4a8,2026-03-27 17:37:47,False,HS-DEA-0000214,Bright Capital 87 - Growth,111545.75,closedwon,default,2026-04-02,2025-12-06 15:41:07,100,HS-OWN-0009,"[""HS-COMP-000087""]","{""service_line"":""Web Dev""}"
893a08a8-f840-46db-a7e9-c37a69c5cf9b,2026-03-27 17:37:47,False,HS-DEA-0000215,Nova Labs 88 - Retainer,72158.4,qualifiedtobuy,default,2025-07-21,2025-06-03 01:22:48,55,HS-OWN-0009,"[""HS-COMP-000088""]","{""service_line"":""Content""}"
602ecb37-bc7a-4b4d-a03c-00f9daa3487d,2026-03-27 17:37:47,False,HS-DEA-0000216,Nova Labs 88 - Retainer,9593.17,closedlost,default,2024-05-28,2024-04-01 02:51:45,0,HS-OWN-0009,"[""HS-COMP-000088""]","{""service_line"":""Content""}"
d4bea99d-ec9b-4d08-ae32-fa8ae21500f5,2026-03-27 17:37:47,False,HS-DEA-0000217,Nova Labs 88 - Campaign,95839.44,closedwon,default,2025-07-25,2025-07-04 08:17:08,100,HS-OWN-0009,"[""HS-COMP-000088""]","{""service_line"":""Email""}"
fe900e54-2bfa-4ae6-bf95-cbc5e0c9ce8b,2026-03-27 17:37:47,False,HS-DEA-0000218,Prime Labs 89 - Growth,18193.02,closedlost,default,2026-02-04,2025-11-02 08:08:55,0,HS-OWN-0005,"[""HS-COMP-000089""]","{""service_line"":""Content""}"
de69ff0c-bd66-4256-b9e2-f69cb3772a46,2026-03-27 17:37:47,False,HS-DEA-0000219,Prime Labs 89 - Growth,83493.41,qualifiedtobuy,default,2025-04-22,2025-03-08 21:28:09,55,HS-OWN-0005,"[""HS-COMP-000089""]","{""service_line"":""Content""}"
85606840-8e60-42a6-a5e0-fdeacf5dd569,2026-03-27 17:37:47,False,HS-DEA-0000220,Nova Retail 90 - Retainer,7731.59,appointmentscheduled,default,2025-12-08,2025-08-11 22:24:11,25,HS-OWN-0003,"[""HS-COMP-000090""]","{""service_line"":""Social""}"
4b3f0c63-fcda-4c33-8cff-c9ff9721b109,2026-03-27 17:37:47,False,HS-DEA-0000221,Nova Retail 90 - Growth,11240.83,appointmentscheduled,default,2024-12-29,2024-12-10 09:15:09,25,HS-OWN-0003,"[""HS-COMP-000090""]","{""service_line"":""Analytics""}"
d8fb17a9-ea5d-4400-ab7b-b1916d6bd4c8,2026-03-27 17:37:47,False,HS-DEA-0000222,Nova Retail 90 - Retainer,109763.46,appointmentscheduled,default,2025-01-03,2024-10-09 09:32:06,25,HS-OWN-0003,"[""HS-COMP-000090""]","{""service_line"":""Web Dev""}"
afc36cd1-bb2a-4327-8a52-9c4cb43141e4,2026-03-27 17:37:47,False,HS-DEA-0000223,Nova Retail 90 - Campaign,41386.49,closedlost,default,2025-04-05,2025-01-23 03:04:54,0,HS-OWN-0003,"[""HS-COMP-000090""]","{""service_line"":""Web Dev""}"
79abe111-f99b-40d5-932a-a5c9c9f22c5b,2026-03-27 17:37:47,False,HS-DEA-0000224,Prime Labs 91 - Campaign,48862.56,closedwon,default,2025-08-06,2025-07-11 20:50:11,100,HS-OWN-0003,"[""HS-COMP-000091""]","{""service_line"":""Analytics""}"
90360663-7ea6-4ec4-b95d-e91c075ea4ad,2026-03-27 17:37:47,False,HS-DEA-0000225,Prime Labs 91 - Retainer,66348.79,closedlost,default,2025-09-09,2025-08-22 22:24:08,0,HS-OWN-0003,"[""HS-COMP-000091""]","{""service_line"":""Paid Media""}"
93f5573a-cd2a-4878-9cda-c6a86ae3abef,2026-03-27 17:37:47,False,HS-DEA-0000226,Prime Labs 91 - Retainer,39276.5,closedwon,default,2026-01-01,2025-10-28 18:07:53,100,HS-OWN-0003,"[""HS-COMP-000091""]","{""service_line"":""Analytics""}"
2c4ec8a7-875b-46ab-9afe-1c80026fe6e3,2026-03-27 17:37:47,False,HS-DEA-0000227,Prime Retail 92 - Growth,102909.59,qualifiedtobuy,default,2024-09-23,2024-08-25 16:07:58,55,HS-OWN-0009,"[""HS-COMP-000092""]","{""service_line"":""Email""}"
3b7ec0e4-1781-48a4-a8ff-ffea818ac663,2026-03-27 17:37:47,False,HS-DEA-0000228,Prime Retail 92 - Rebuild,82243.8,appointmentscheduled,default,2025-06-26,2025-03-21 00:14:10,25,HS-OWN-0009,"[""HS-COMP-000092""]","{""service_line"":""Content""}"
3022b9d6-dbf3-4b1c-b1db-6e41c451cbf3,2026-03-27 17:37:47,False,HS-DEA-0000229,Prime Retail 92 - Rebuild,46070.91,closedlost,default,2024-07-22,2024-06-12 00:15:18,0,HS-OWN-0009,"[""HS-COMP-000092""]","{""service_line"":""Social""}"
e4d31e00-08ab-47bb-b0bc-31cdc2377644,2026-03-27 17:37:47,False,HS-DEA-0000230,Blue Health 93 - Retainer,86902.9,qualifiedtobuy,default,2024-05-25,2024-03-31 11:42:09,55,HS-OWN-0007,"[""HS-COMP-000093""]","{""service_line"":""Social""}"
2df7177a-c443-4332-877a-d36418f6fbb3,2026-03-27 17:37:47,False,HS-DEA-0000231,Blue Health 93 - Retainer,83151.72,closedwon,default,2025-04-20,2025-03-01 11:34:17,100,HS-OWN-0007,"[""HS-COMP-000093""]","{""service_line"":""Content""}"
743e5113-f7c7-47b9-b11a-39534da66a46,2026-03-27 17:37:47,False,HS-DEA-0000232,Nova Capital 94 - Retainer,47069.14,closedlost,default,2025-08-15,2025-05-23 20:37:55,0,HS-OWN-0003,"[""HS-COMP-000094""]","{""service_line"":""Paid Media""}"
9bd00722-03f4-4152-b63b-3209db323306,2026-03-27 17:37:47,False,HS-DEA-0000233,Nova Capital 94 - Retainer,58440.63,closedwon,default,2026-06-11,2026-02-18 03:13:47,100,HS-OWN-0003,"[""HS-COMP-000094""]","{""service_line"":""Email""}"
eb736720-0d53-44c8-86fa-e8a1ad39ca54,2026-03-27 17:37:47,False,HS-DEA-0000234,Nova Capital 94 - Growth,81208.03,closedwon,default,2024-08-10,2024-06-06 01:40:44,100,HS-OWN-0003,"[""HS-COMP-000094""]","{""service_line"":""Analytics""}"
3f8308bd-123a-4d9e-8997-486ea130b31c,2026-03-27 17:37:47,False,HS-DEA-0000235,Prime Health 95 - Retainer,48315.85,closedwon,default,2026-04-24,2026-01-05 04:46:36,100,HS-OWN-0004,"[""HS-COMP-000095""]","{""service_line"":""Web Dev""}"
f8ee8b23-bd4d-46a3-8a4e-d3b462f6d281,2026-03-27 17:37:47,False,HS-DEA-0000236,Prime Health 95 - Rebuild,48277.81,appointmentscheduled,default,2025-04-05,2025-01-05 11:15:18,25,HS-OWN-0004,"[""HS-COMP-000095""]","{""service_line"":""Paid Media""}"
099d1be3-364a-4688-9875-e777e9f40606,2026-03-27 17:37:47,False,HS-DEA-0000237,Prime Health 95 - Rebuild,60989.08,closedwon,default,2025-07-07,2025-05-02 19:29:50,100,HS-OWN-0004,"[""HS-COMP-000095""]","{""service_line"":""Web Dev""}"
e2de25d4-e0c7-4e3b-8d3a-fe2cc987d029,2026-03-27 17:37:47,False,HS-DEA-0000238,Prime Capital 96 - Retainer,11429.88,appointmentscheduled,default,2024-10-13,2024-07-10 09:04:04,25,HS-OWN-0003,"[""HS-COMP-000096""]","{""service_line"":""Content""}"
59163fab-b888-4bcd-adb3-282267ff9c42,2026-03-27 17:37:47,False,HS-DEA-0000239,Prime Capital 96 - Growth,106028.53,closedlost,default,2026-04-21,2026-03-14 05:17:08,0,HS-OWN-0003,"[""HS-COMP-000096""]","{""service_line"":""Social""}"
c0c9bfd9-04ca-42b5-9e0f-80039f604d93,2026-03-27 17:37:47,False,HS-DEA-0000240,Blue Digital 97 - Retainer,65111.8,appointmentscheduled,default,2024-08-05,2024-07-08 10:15:44,25,HS-OWN-0001,"[""HS-COMP-000097""]","{""service_line"":""Email""}"
7db9bb5f-c470-41f5-80ca-74a219137bc6,2026-03-27 17:37:47,False,HS-DEA-0000241,Blue Digital 97 - Growth,25403.55,qualifiedtobuy,default,2025-11-17,2025-09-10 07:10:14,55,HS-OWN-0001,"[""HS-COMP-000097""]","{""service_line"":""Email""}"
2cc58cbf-a55e-4b31-9197-0bf3c6269b24,2026-03-27 17:37:47,False,HS-DEA-0000242,Blue Digital 97 - Growth,60457.71,appointmentscheduled,default,2025-07-25,2025-07-06 14:58:09,25,HS-OWN-0001,"[""HS-COMP-000097""]","{""service_line"":""Paid Media""}"
8af2da73-b1b2-4a66-9784-3c56bb5422fa,2026-03-27 17:37:47,False,HS-DEA-0000243,Blue Digital 97 - Campaign,65035.09,appointmentscheduled,default,2026-05-29,2026-02-26 07:50:39,25,HS-OWN-0001,"[""HS-COMP-000097""]","{""service_line"":""Content""}"
b7318981-2bcb-47a3-ab76-ef1eab6248d4,2026-03-27 17:37:47,False,HS-DEA-0000244,Prime Labs 98 - Growth,37575.67,qualifiedtobuy,default,2025-07-24,2025-04-02 08:11:13,55,HS-OWN-0006,"[""HS-COMP-000098""]","{""service_line"":""Email""}"
a06917ef-f908-4e7a-906f-808cc3859525,2026-03-27 17:37:47,False,HS-DEA-0000245,Prime Labs 98 - Growth,86552.12,qualifiedtobuy,default,2025-03-27,2025-02-08 03:21:23,55,HS-OWN-0006,"[""HS-COMP-000098""]","{""service_line"":""Analytics""}"
c8a3cfb8-3ef1-4d6b-b4ee-a0362f9a975e,2026-03-27 17:37:47,False,HS-DEA-0000246,Prime Labs 98 - Growth,48128.44,appointmentscheduled,default,2024-06-29,2024-04-02 06:14:44,25,HS-OWN-0006,"[""HS-COMP-000098""]","{""service_line"":""Paid Media""}"
71fe1bfa-d9c8-4623-815a-33b54dc89ee6,2026-03-27 17:37:47,False,HS-DEA-0000247,North Health 99 - Campaign,89614.98,closedwon,default,2024-12-03,2024-10-10 20:23:16,100,HS-OWN-0002,"[""HS-COMP-000099""]","{""service_line"":""Analytics""}"
e91b9f73-f84d-4a91-8646-30015873f7a1,2026-03-27 17:37:47,False,HS-DEA-0000248,North Health 99 - Retainer,56358.41,appointmentscheduled,default,2026-05-06,2026-01-27 16:35:52,25,HS-OWN-0002,"[""HS-COMP-000099""]","{""service_line"":""Social""}"
68968622-be17-4753-b492-4515506a5b98,2026-03-27 17:37:47,False,HS-DEA-0000249,North Health 99 - Campaign,95399.33,qualifiedtobuy,default,2024-08-27,2024-07-31 09:42:33,55,HS-OWN-0002,"[""HS-COMP-000099""]","{""service_line"":""Analytics""}"
0656d2e3-8ed8-4ff9-86fe-35188ced0e93,2026-03-27 17:37:47,False,HS-DEA-0000250,North Health 99 - Retainer,49746.92,appointmentscheduled,default,2025-08-30,2025-05-29 09:06:51,25,HS-OWN-0002,"[""HS-COMP-000099""]","{""service_line"":""Social""}"
69bf8dfa-74af-4fc3-9467-c8c82a0631de,2026-03-27 17:37:47,False,HS-DEA-0000251,Bright Labs 100 - Rebuild,86834.67,closedlost,default,2025-12-14,2025-10-11 11:11:24,0,HS-OWN-0006,"[""HS-COMP-000100""]","{""service_line"":""Email""}"
36f991a6-a600-4073-a0bb-168705865739,2026-03-27 17:37:47,False,HS-DEA-0000252,Prime Digital 101 - Rebuild,32514.51,appointmentscheduled,default,2025-08-23,2025-07-18 13:36:08,25,HS-OWN-0003,"[""HS-COMP-000101""]","{""service_line"":""SEO""}"
7789d29e-272a-4a1b-a580-80938df61e50,2026-03-27 17:37:47,False,HS-DEA-0000253,Prime Digital 101 - Campaign,45609.68,closedwon,default,2024-08-23,2024-07-28 00:36:46,100,HS-OWN-0003,"[""HS-COMP-000101""]","{""service_line"":""Web Dev""}"
3a8f5000-0176-40bc-aa18-589a6844f560,2026-03-27 17:37:47,False,HS-DEA-0000254,Prime Digital 102 - Rebuild,84832.06,closedwon,default,2026-03-01,2025-12-11 09:33:28,100,HS-OWN-0004,"[""HS-COMP-000102""]","{""service_line"":""Web Dev""}"
87c26a2e-0fc6-4b17-812a-8e6b0c1949b9,2026-03-27 17:37:47,False,HS-DEA-0000255,Bright Digital 103 - Retainer,107846.37,closedwon,default,2025-05-26,2025-04-01 21:16:02,100,HS-OWN-0002,"[""HS-COMP-000103""]","{""service_line"":""Content""}"
c66bc54d-8930-4725-a870-9da3f4684b2f,2026-03-27 17:37:47,False,HS-DEA-0000256,Bright Digital 103 - Campaign,89767.91,qualifiedtobuy,default,2024-12-04,2024-08-16 16:58:43,55,HS-OWN-0002,"[""HS-COMP-000103""]","{""service_line"":""Paid Media""}"
fb42afe1-6048-4a1b-85a9-a3c4acc34749,2026-03-27 17:37:47,False,HS-DEA-0000257,Bright Retail 104 - Rebuild,61442.62,closedlost,default,2025-09-15,2025-07-22 19:42:36,0,HS-OWN-0008,"[""HS-COMP-000104""]","{""service_line"":""Analytics""}"
f20046a7-7707-4590-8307-081e19893ea1,2026-03-27 17:37:47,False,HS-DEA-0000258,Bright Retail 104 - Campaign,30540.67,closedwon,default,2026-05-28,2026-03-09 05:14:04,100,HS-OWN-0008,"[""HS-COMP-000104""]","{""service_line"":""Email""}"
0cdf4f5a-9d08-4dc6-8543-04617aa26784,2026-03-27 17:37:47,False,HS-DEA-0000259,Bright Retail 104 - Campaign,113060.26,closedlost,default,2024-07-26,2024-07-05 08:18:27,0,HS-OWN-0008,"[""HS-COMP-000104""]","{""service_line"":""SEO""}"
30a3e3a5-f029-4bb1-a1ba-d8ee96abd699,2026-03-27 17:37:47,False,HS-DEA-0000260,Bright Labs 105 - Campaign,25687.26,closedwon,default,2025-03-12,2025-01-05 07:10:35,100,HS-OWN-0007,"[""HS-COMP-000105""]","{""service_line"":""Paid Media""}"
f4603bff-5e84-4148-a2d3-caba3a85115c,2026-03-27 17:37:47,False,HS-DEA-0000261,Bright Labs 105 - Growth,87893.78,qualifiedtobuy,default,2025-09-28,2025-06-18 01:02:53,55,HS-OWN-0007,"[""HS-COMP-000105""]","{""service_line"":""Analytics""}"
2fa48507-bd87-47f5-ac3b-7247bae60aee,2026-03-27 17:37:47,False,HS-DEA-0000262,Bright Labs 105 - Campaign,27547.27,closedlost,default,2024-12-21,2024-09-26 21:21:24,0,HS-OWN-0007,"[""HS-COMP-000105""]","{""service_line"":""Analytics""}"
431ab9b4-4c95-4f31-aafe-a4661323f9c8,2026-03-27 17:37:47,False,HS-DEA-0000263,North Digital 106 - Campaign,101481.75,closedwon,default,2024-06-24,2024-05-13 08:47:20,100,HS-OWN-0006,"[""HS-COMP-000106""]","{""service_line"":""SEO""}"
e031c85b-ed67-4f80-bc9b-d74df7f3be2e,2026-03-27 17:37:47,False,HS-DEA-0000264,North Digital 106 - Rebuild,46510.63,closedwon,default,2025-06-30,2025-03-12 03:31:52,100,HS-OWN-0006,"[""HS-COMP-000106""]","{""service_line"":""Email""}"
d411cc42-844a-421f-87fc-8e662d8ba59a,2026-03-27 17:37:47,False,HS-DEA-0000265,North Labs 107 - Rebuild,80096.51,closedwon,default,2025-02-01,2024-12-19 15:16:23,100,HS-OWN-0001,"[""HS-COMP-000107""]","{""service_line"":""Social""}"
dcd770b2-9157-4c49-b24e-738720fbd97e,2026-03-27 17:37:47,False,HS-DEA-0000266,North Labs 107 - Rebuild,107084.56,closedlost,default,2025-01-21,2024-10-21 11:40:35,0,HS-OWN-0001,"[""HS-COMP-000107""]","{""service_line"":""Analytics""}"
aba30e7a-d15f-4790-8a11-bb119ce54d9d,2026-03-27 17:37:47,False,HS-DEA-0000267,Bright Health 108 - Growth,16951.77,closedlost,default,2024-08-08,2024-04-17 05:06:26,0,HS-OWN-0007,"[""HS-COMP-000108""]","{""service_line"":""Email""}"
8949ed24-9665-4b50-aacb-8c9ab292cfbb,2026-03-27 17:37:47,False,HS-DEA-0000268,Nova Digital 109 - Campaign,20538.21,closedwon,default,2025-06-17,2025-03-25 14:44:50,100,HS-OWN-0003,"[""HS-COMP-000109""]","{""service_line"":""Social""}"
01387190-d1b3-482c-8a54-88e8db431792,2026-03-27 17:37:47,False,HS-DEA-0000269,Nova Digital 109 - Campaign,65197.88,closedlost,default,2025-06-26,2025-05-20 14:40:43,0,HS-OWN-0003,"[""HS-COMP-000109""]","{""service_line"":""Social""}"
a7e6e873-9fae-433b-bb87-cbe50b8f10ad,2026-03-27 17:37:47,False,HS-DEA-0000270,Nova Digital 109 - Campaign,67061.83,closedwon,default,2025-07-09,2025-05-16 08:05:13,100,HS-OWN-0003,"[""HS-COMP-000109""]","{""service_line"":""Analytics""}"
d763dd69-a31a-4903-bf29-31ea65592948,2026-03-27 17:37:47,False,HS-DEA-0000271,Nova Digital 109 - Rebuild,52403.44,closedwon,default,2024-08-15,2024-06-05 07:02:15,100,HS-OWN-0003,"[""HS-COMP-000109""]","{""service_line"":""Paid Media""}"
092537ff-c038-48a4-8a7c-eae144cc7efc,2026-03-27 17:37:47,False,HS-DEA-0000272,Prime Labs 110 - Campaign,100269.09,qualifiedtobuy,default,2025-03-15,2025-01-28 08:20:30,55,HS-OWN-0004,"[""HS-COMP-000110""]","{""service_line"":""Paid Media""}"
9b4ca18b-f255-4891-90c3-e3e6acc48530,2026-03-27 17:37:47,False,HS-DEA-0000273,Prime Labs 110 - Retainer,64410.16,closedlost,default,2024-11-11,2024-10-17 23:56:14,0,HS-OWN-0004,"[""HS-COMP-000110""]","{""service_line"":""Analytics""}"
e13c2890-d5a7-4f59-a486-5b8d6be0a219,2026-03-27 17:37:47,False,HS-DEA-0000274,Prime Labs 110 - Rebuild,79572.56,closedwon,default,2026-06-05,2026-03-04 12:24:33,100,HS-OWN-0004,"[""HS-COMP-000110""]","{""service_line"":""Email""}"
e680191f-80f0-4277-8375-7d3c73961c0a,2026-03-27 17:37:47,False,HS-DEA-0000275,Prime Labs 110 - Retainer,103150.43,closedlost,default,2026-02-02,2025-12-15 22:54:56,0,HS-OWN-0004,"[""HS-COMP-000110""]","{""service_line"":""Paid Media""}"
e65a0f2a-aee9-4c7e-a525-68247d46a8af,2026-03-27 17:37:47,False,HS-DEA-0000276,Blue Health 111 - Growth,31773.21,closedlost,default,2024-11-22,2024-10-22 19:47:26,0,HS-OWN-0002,"[""HS-COMP-000111""]","{""service_line"":""Paid Media""}"
51eda3b9-ef70-4f7e-b85d-e9a2cc7ee650,2026-03-27 17:37:47,False,HS-DEA-0000277,Blue Health 111 - Rebuild,53327.95,qualifiedtobuy,default,2024-06-25,2024-04-08 04:07:14,55,HS-OWN-0002,"[""HS-COMP-000111""]","{""service_line"":""Analytics""}"
631ba271-2266-4724-a409-78b6b6e39924,2026-03-27 17:37:47,False,HS-DEA-0000278,Blue Health 111 - Campaign,85147.5,closedwon,default,2026-02-24,2025-12-08 16:41:17,100,HS-OWN-0002,"[""HS-COMP-000111""]","{""service_line"":""SEO""}"
7242892b-3309-4334-bd38-2c487d9591a0,2026-03-27 17:37:47,False,HS-DEA-0000279,Bright Labs 112 - Retainer,59374.94,appointmentscheduled,default,2024-11-10,2024-08-29 10:36:42,25,HS-OWN-0004,"[""HS-COMP-000112""]","{""service_line"":""Social""}"
d3046dee-cabf-4df9-a92e-9db3d85f21bb,2026-03-27 17:37:47,False,HS-DEA-0000280,Blue Capital 113 - Retainer,47710.85,closedlost,default,2024-04-23,2024-04-03 16:05:39,0,HS-OWN-0005,"[""HS-COMP-000113""]","{""service_line"":""SEO""}"
3ed5b0da-fe1e-4d4d-995b-4a7326fb7cf5,2026-03-27 17:37:47,False,HS-DEA-0000281,Blue Capital 113 - Growth,83883.63,closedlost,default,2024-11-10,2024-10-06 22:08:55,0,HS-OWN-0005,"[""HS-COMP-000113""]","{""service_line"":""Content""}"
849d4b70-2330-40f9-8dec-521ea08e5124,2026-03-27 17:37:47,False,HS-DEA-0000282,Blue Retail 114 - Rebuild,88305.9,closedlost,default,2024-07-25,2024-04-13 07:40:31,0,HS-OWN-0003,"[""HS-COMP-000114""]","{""service_line"":""Content""}"
31631c89-f683-416c-a565-40c8f9416749,2026-03-27 17:37:47,False,HS-DEA-0000283,Blue Retail 114 - Campaign,69287.85,closedlost,default,2026-03-15,2026-02-23 17:55:23,0,HS-OWN-0003,"[""HS-COMP-000114""]","{""service_line"":""Email""}"
3cb5b653-65d7-4a10-b81c-e714b87c9c8a,2026-03-27 17:37:47,False,HS-DEA-0000284,Prime Labs 115 - Retainer,65268.02,closedlost,default,2025-11-12,2025-08-21 01:02:01,0,HS-OWN-0008,"[""HS-COMP-000115""]","{""service_line"":""Web Dev""}"
cb43a5bc-8d49-4976-ba7d-49223f311107,2026-03-27 17:37:47,False,HS-DEA-0000285,Bright Labs 116 - Growth,46506.5,closedlost,default,2026-03-13,2026-02-16 20:05:41,0,HS-OWN-0006,"[""HS-COMP-000116""]","{""service_line"":""Social""}"
56e22882-6bf3-45b0-8b1e-84b11f38e771,2026-03-27 17:37:47,False,HS-DEA-0000286,Bright Labs 116 - Growth,99718.94,closedwon,default,2026-04-26,2026-02-17 08:27:33,100,HS-OWN-0006,"[""HS-COMP-000116""]","{""service_line"":""Content""}"
4c23ceeb-d706-4a08-b0a1-de82b137ab7f,2026-03-27 17:37:47,False,HS-DEA-0000287,Bright Labs 116 - Rebuild,13962.57,appointmentscheduled,default,2025-06-01,2025-05-12 15:17:34,25,HS-OWN-0006,"[""HS-COMP-000116""]","{""service_line"":""Paid Media""}"
7b398fa8-3df1-4dc2-a8e6-0c85a2b9a484,2026-03-27 17:37:47,False,HS-DEA-0000288,Bright Labs 116 - Retainer,66141.02,appointmentscheduled,default,2025-06-01,2025-05-05 05:32:13,25,HS-OWN-0006,"[""HS-COMP-000116""]","{""service_line"":""Paid Media""}"
d527aab4-bf29-4859-97d6-98916748d753,2026-03-27 17:37:47,False,HS-DEA-0000289,Blue Retail 117 - Campaign,112354.8,qualifiedtobuy,default,2025-06-20,2025-04-23 17:47:06,55,HS-OWN-0010,"[""HS-COMP-000117""]","{""service_line"":""Content""}"
613e51ce-1c7c-4dfe-b483-a423ea00c049,2026-03-27 17:37:47,False,HS-DEA-0000290,Blue Retail 117 - Campaign,92881.2,closedwon,default,2025-07-23,2025-05-28 23:53:20,100,HS-OWN-0010,"[""HS-COMP-000117""]","{""service_line"":""Web Dev""}"
431e5f33-f949-4f05-a7ff-4cdf3b2ea426,2026-03-27 17:37:47,False,HS-DEA-0000291,Blue Retail 117 - Retainer,69761.64,closedwon,default,2026-04-15,2025-12-29 10:16:28,100,HS-OWN-0010,"[""HS-COMP-000117""]","{""service_line"":""Paid Media""}"
b8908f0b-b6be-425e-8d1a-2a162685003f,2026-03-27 17:37:47,False,HS-DEA-0000292,Blue Retail 117 - Rebuild,115589.95,closedwon,default,2025-05-06,2025-01-13 01:18:43,100,HS-OWN-0010,"[""HS-COMP-000117""]","{""service_line"":""Web Dev""}"
82555dd2-8064-416f-b9af-d56aad13dda5,2026-03-27 17:37:47,False,HS-DEA-0000293,North Labs 118 - Retainer,34468.04,qualifiedtobuy,default,2026-05-16,2026-02-16 17:26:53,55,HS-OWN-0009,"[""HS-COMP-000118""]","{""service_line"":""Content""}"
18e91220-d92a-4877-970e-ab0e3d6884ae,2026-03-27 17:37:47,False,HS-DEA-0000294,North Labs 118 - Retainer,89440.58,closedlost,default,2024-09-03,2024-06-07 02:51:55,0,HS-OWN-0009,"[""HS-COMP-000118""]","{""service_line"":""Social""}"
5b88fc13-b7e3-4280-aa00-632e18c27696,2026-03-27 17:37:47,False,HS-DEA-0000295,North Labs 118 - Retainer,61151.79,closedlost,default,2025-03-30,2024-12-04 22:19:41,0,HS-OWN-0009,"[""HS-COMP-000118""]","{""service_line"":""Social""}"
31a7f03f-68a2-4127-8146-16e87624dfd2,2026-03-27 17:37:47,False,HS-DEA-0000296,Blue Health 119 - Retainer,54672.6,appointmentscheduled,default,2025-06-27,2025-03-08 20:31:06,25,HS-OWN-0003,"[""HS-COMP-000119""]","{""service_line"":""Analytics""}"
0be29608-7198-4064-b92e-9af86c683665,2026-03-27 17:37:47,False,HS-DEA-0000297,Blue Health 119 - Rebuild,14492.69,qualifiedtobuy,default,2025-03-02,2025-01-28 00:19:55,55,HS-OWN-0003,"[""HS-COMP-000119""]","{""service_line"":""Email""}"
c547a08a-f6f0-45db-a29b-7c54b19cb9fd,2026-03-27 17:37:47,False,HS-DEA-0000298,Blue Health 119 - Rebuild,14784.08,closedlost,default,2025-11-17,2025-10-27 15:18:32,0,HS-OWN-0003,"[""HS-COMP-000119""]","{""service_line"":""Email""}"
7ad618d6-5c1b-4c0b-a8b0-02407af7ea56,2026-03-27 17:37:47,False,HS-DEA-0000299,Blue Health 119 - Retainer,60306.09,qualifiedtobuy,default,2025-06-22,2025-02-28 05:07:51,55,HS-OWN-0003,"[""HS-COMP-000119""]","{""service_line"":""Paid Media""}"
98fe3ed1-3f0b-43fe-a60c-5c180ea2f45a,2026-03-27 17:37:47,False,HS-DEA-0000300,North Labs 120 - Growth,111284.52,closedlost,default,2025-08-26,2025-07-24 18:35:13,0,HS-OWN-0004,"[""HS-COMP-000120""]","{""service_line"":""Paid Media""}"
22b04bd5-9672-4ef0-b500-eb64024b3bab,2026-03-27 17:37:47,False,HS-DEA-0000301,North Labs 120 - Retainer,92139.38,closedwon,default,2024-12-09,2024-08-29 20:01:54,100,HS-OWN-0004,"[""HS-COMP-000120""]","{""service_line"":""Analytics""}"
186df72f-dc28-457c-8d39-400b0fba290d,2026-03-27 17:37:47,False,HS-DEA-0000302,North Labs 120 - Retainer,114128.21,appointmentscheduled,default,2024-07-01,2024-06-02 09:19:36,25,HS-OWN-0004,"[""HS-COMP-000120""]","{""service_line"":""Paid Media""}"
1080a047-0406-4672-8be0-708b189fa8bf,2026-03-27 17:37:47,False,HS-DEA-0000303,North Labs 120 - Growth,44476.21,closedwon,default,2026-05-30,2026-01-31 12:20:50,100,HS-OWN-0004,"[""HS-COMP-000120""]","{""service_line"":""Analytics""}"
